CKDGNL_00045	True	LQILVFIKLSRNIVKKYIKTIFLISMVYFY
CKDGNL_00125	True	MNTKTLYLISLILLA
CKDGNL_00205	True	LRKILKLKIGRDELVFETGFMAKQANGSVLATYGGSSVLATV
CKDGNL_00215	True	LENGFLLINKEQGKTSFETLFPIKKYFNTNRVGHAGTLDKFASGILV
CKDGNL_00325	True	VRIAILGGTYNPVHIGHIFLAKEIEYLLNIDRVIFIPT
CKDGNL_00330	True	LYNFKDSVNITVVSGNGGSG
CKDGNL_00450	True	MGLYLKLLRQSINLKSLFPLSVLFFS
CKDGNL_00480	True	MKNKENEVLNLTLNLTIIFLIF
CKDGNL_00500	True	LKIFILKNTIYLLINLI
CKDGNL_00795	True	MKKLIIIFTLFLSQA
CKDGNL_00845	True	MLLKLKYRFVGFLLLFLIFILLLFSTIFNFVL
CKDGNL_00910	True	MKNNISDIFFKYNVVIYKFLNSKKEHMIRVLLGSLAVSFLFSI
CKDGNL_00925	True	MLHNTMLIARIMNINTLFYGMIIIIFALIS
CKDGNL_00985	True	MKKGSKLILILLVTFFA
CKDGNL_01050	True	MKKIFILIVILTTFA
CKDGNL_01155	True	MKRNFYLIVLFIANN
CKDGNL_01245	True	MLNHFNFKLKRDVTIIVPGEAFVSNKRVISTILGS
CKDGNL_01250	True	MNSIYVIGKLLLTLFLIFFPF
CKDGNL_01300	True	MQKKTFYNTEKYLKSHLMLFPIFAYTKNFLDANIASVWISI
CKDGNL_01515	True	MNKTKNLSLTYFIILS
CKDGNL_01885	True	MAKEVFQRTKPHMNVGTIGHVDHGKTTLTAAISIY
CKDGNL_01890	True	MMKAQKFKLKLLPILVISGILIVFMS
CKDGNL_01995	True	MRLILMLLLSFL
CKDGNL_02185	True	MKKANFLSINFLILLLV
CKDGNL_02290	True	MNLLVKIAKFILILFLFTS
CKDGNL_02360	True	MLKKVYYFLIFLFIVA
CKDGNL_02365	True	LFKRFIFITLSLLVFA
CKDGNL_02375	True	MRIVIFIFGILLTS
CKDGNL_02460	True	MYKNGFFKNYLSLFLIFLVIA
CKDGNL_02515	True	MKREIYAFLSNFIIFM
CKDGNL_02520	True	MRIKNLILIAILLISPS
CKDGNL_02620	True	MLKFTLKKILGIIPTLLVIIFL
CKDGNL_02625	True	MSFNKTKKIGKKIKIVTLLMLAVSLIA
CKDGNL_02630	True	MKLQKLLFLIIFFLTFL
CKDGNL_02635	True	MKYIKIALMLIIFSLIA
CKDGNL_02655	True	MKKLILLNLIFIS
CKDGNL_02660	True	MNIKNKLISLLIVVAISFIA
CKDGNL_02690	True	MRKITIMILFYGLIINV
CKDGNL_02770	True	MKILWLIILVNLFLS
CKDGNL_02920	True	MFISRELKYILLTSVSALFISAVLGLF
CKDGNL_03090	True	MRDLFFNNVKLISLFVFNVVI
CKDGNL_03125	True	MLNPRTIKTTFMLISTLMIFNG
CKDGNL_03140	True	MPGRKDLFFLILFLSFSIIIS
CKDGNL_03185	True	MKKVIILIFMLSTSLLYN
CKDGNL_03315	True	MSGPKKLAIIALLVISIQG
CKDGNL_03380	True	MSKFFERDDDIVALATPFLSSAL
CKDGNL_03485	True	MVFRTYKHLELIMLPMLMLS
CKDGNL_03500	True	MKKHYKALILSLLFAIIS
CKDGNL_03545	True	MYKLFLFFIIFMFLS
CKDGNL_03560	True	MNLIFNINLYLKKYFLVLFLVLVA
CKDGNL_03620	True	MIIAIDGPSASGKSSIARELGVRLNYKFISSGHLYRIITLIAQRSLMNS
CKDGNL_04030	True	LVLKKIVLLGFKSFLNRQEFEIGENLSFIVGPNG
CKDGNL_04060	True	MTKVLVVSAIALLNKDKELIPFYKFLFLFFFFTLLA
CKDGNL_04065	True	MIIVFMKILRSIITYFNVLLFFLILIFFLFPFYLV
CKDGNL_04110	True	MKQKYENYFKKRLILNLLIFLLLA
CKDGNL_04135	True	MINKIHGKVIEKKESSLVLMTTVFEFELLVSAF
CKDGNL_04265	True	LTKNKLNIIATILTLIGTS
CKDGNL_04280	True	LKKAKLNIIKINIITMILTLI
CKDGNL_04285	True	LTKAKLNIIKLNIIAMILTLI
CKDGNL_04295	True	LNKIKLSILITLGITTFFS
CKDGNL_04305	True	MTKLMYAIFLSAILFVA
CKDGNL_04320	True	MVKKIIFISFSIFIVS
CKDGNL_04325	True	LNGKLRKALKIAIFTTLLLVIS
CKDGNL_04430	True	MQRISILLMLLAVFS
CKDGNL_04435	True	MIIKKRGLLILGIATVIS
CKDGNL_04440	True	MKRYIYVYIISVAVIS
CKDGNL_04500	True	MRLLIGFALALALIG
CKDGNL_04505	True	MKKYLLGIGLILALIA
CKDGNL_04510	True	LQIKNFPFLFLLNSLIIFS
CKDGNL_04545	True	MKNILLFVILLFFS
CKDGNL_04550	True	MNKIGIAFIISFLLFVN
CKDGNL_04555	True	LKRVIVSFVVLILG
CKDGNL_04560	True	LKKTIIVFIILAFMLN
CKDGNL_04585	True	MSKLILAISILLIIS
CKDGNL_04670	True	MKKVKSKYLALGLLFGFIS
CKDGNL_04715	True	MILYYNNTLFLHKVSTMNLMIKVLIFSLFLSFIS
CKDGNL_04725	True	MNLIAKLFILSTLVSIPNILS
CKDGNL_04735	True	VNLINKLFILTILFSSVIS
CKDGNL_04750	True	MNLIIKVMLISSLFSSFIS
CKDGNL_04760	True	MKKNIYILNIFLYIPLFYS
CKDGNL_04785	True	MNKLLIFIILLVFS
CKDGNL_04835	True	MKYHIITTIFVFLFLA
CKDGNL_04860	True	MIESKHQKYYFYSLFLSELARTLPHAVLTIILINKGLSLKDIAMVQI
CKDGNL_04885	True	LKNFKLNTIKLNVITAILTLI
CKDGNL_04890	True	LKNFKLNIIKLNVITAILTSI
CKDGNL_04910	True	MRKSLFLYALLMGGLMS
CKDGNL_04945	True	MLKLANYLLIALLLL
CKDGNL_05110	True	MNRKFVISLLFIILTFLLILG
CKDGNL_05130	True	MNSKFILKYFIWVFFLVS
CKDGNL_05205	True	MNSKFILKYFIWVFFLVS
CKDGNL_05225	True	MNRKFVISLLFIILTFLLILG
CKDGNL_05265	True	MKIKNTYHKMVFLTLLIFISA
CKDGNL_05335	True	MRILVGVYIITLALFA
CKDGNL_05380	True	MKKNTLSVILMTLFLFIS
CKDGNL_05395	True	MHLKTKFYKKTYILWTFLKIFKKYLLLFYLLFLTLS
CKDGNL_05460	True	MKKKFNFIFPFIIFLFS
CKDGNL_05465	True	MKYLKNISLFLLILG
CKDGNL_05495	True	MKILIKKLKVVLFLNLILLIS
CKDGNL_05565	True	MKNKNIVKLFFASMLFIMA
CKDGNL_05690	True	MGNKIFYISVVLILIVG
CKDGNL_06150	True	MQKAKTKINFLGIFWLLLVFLS
CKDGNL_06160	True	MTKKPMFAMSIILMTIILN
CKDGNL_06215	True	MNKKILIIFAVFALIIS
CKDGNL_06310	True	MRNKNIFKLFFASMLFVMA
AIHAAB_02005	True	MKYIKIALMLIIFSLIA
AIHAAB_04585	True	MKYHIIVSIFIFLFLNA
AIHAAB_04650	True	MQKDIYISNIFLYIPLFYS
AIHAAB_04750	True	MKYHIIVSIFIFLFLNA
AIHAAB_04765	True	VGNKIFYISVVLILIVG
AIHAAB_04815	True	MKKKMFLYTLLTIGLMS
AIHAAB_04840	True	MKKKMFLYTLLTIGLMS
AIHAAB_04890	True	VGNKIFYISVVLILIVG
AIHAAB_04930	True	MKNLKTKINFLGIFWLLLLFLS
AIHAAB_05055	True	MRKSLFLYTLLMGGLMS
AIHAAB_05080	True	MKKNTLSAILMTLFLFIS
AIHAAB_05460	True	MDKFLTSNHPPIIIFTIGAL
AIHAAB_05535	True	MDKFLTSNHPPIIIFTIGAL
AIHAAB_05550	True	MNRKFVISLLFIILTFLLILG
AIHAAB_05640	True	MKKSFLSIYMLISISLLS
AIHAAB_05710	True	MKKNIYILNIFLYIPLFYS
AIHAAB_05735	True	MNLIAKLFILSTLVSIPNILS
AIHAAB_06005	True	MIKGNTFILILVTTMFVS
AIHAAB_06105	True	MKKLIKILLLSLFLLLSIS
AIHAAB_06385	True	MKNKNIVKLFFASMLFIMA
AIHAAB_06405	True	MNKLLIFIILLVFS
APIDPD_02170	True	MKKKKLSIYMIMLISLLS
APIDPD_04285	True	LKKEKLNRIKLNIIAMILTLI
APIDPD_04580	True	MKKNIYILNIFLYIPLFYS
APIDPD_04600	True	MNKKFSISLLSTILAFLLVLG
APIDPD_04715	True	MSKLILAISILLIIS
APIDPD_04730	True	MSKLILAISILLIIS
APIDPD_04785	True	MKKVKSKYLALGLLFGFIS
APIDPD_04805	True	MNKKFSISLLSTILAFLLVLG
APIDPD_04825	True	MKKNIYILNIFLYIPLFYS
APIDPD_04860	True	MKIKNTYHNMVFLILLIFISA
APIDPD_04865	True	LPHAVLTIILINKGLSLKDIAMVQI
APIDPD_04885	True	MTRKMFVVYAILALTSS
APIDPD_04975	True	MIKGNMLILILVTTMLVS
APIDPD_04985	True	MKKNTLSAILMTLFLFIS
APIDPD_05120	True	MVKNLFLYILLIVGLMS
APIDPD_05140	True	MKKDIRILNIFLYIPLFYS
APIDPD_05150	True	MTRKMFVVYAILTLTS
APIDPD_05160	True	MKKITSLVFIMPLFVLIA
APIDPD_05165	True	MKKITSLVFIMPLFVLIA
APIDPD_05175	True	MTRKMFVVYAILTLTS
APIDPD_05185	True	MKKDIRILNIFLYIPLFYS
APIDPD_05205	True	MVKNLFLYILLIVGLMS
APIDPD_05245	True	MQKFKTKISFIGIFWVLLLLLS
APIDPD_05525	True	MKYHIIVSIFIFLFLNA
APIDPD_05715	True	MKKSFLSIYMLISISLLS
APIDPD_05820	True	LKNSKLNIIKLNVITAILTSI
APIDPD_05825	True	VKYNIIVSIFVFLFLNA
APIDPD_06395	True	MKNKNIVKLFFASMLFIMA
APIDPD_06420	True	MKKKNIFKLFFVSMLFVMA
HCLMIK_04690	True	MKYHIIVSIFIFLFFLNA
HCLMIK_04835	True	MKKITSLVFILPLFVLIT
HCLMIK_04980	True	MKKNTLSAILMTLFLFIS
HCLMIK_05265	True	MKKSFLSIYMLISISLLS
HCLMIK_05815	True	MRKSLFLYTLLMGGLMS
HCLMIK_06190	True	MNKKTMFVIFFISIL
DNBOAP_04760	True	MKYHIIVSIFIFLFLNA
DNBOAP_05060	True	MKKKMFLYTLLTIGLMS
DNBOAP_05110	True	VGNKIFYISVVLILIVG
DNBOAP_06260	True	MQKINIAKLIFILIFSLFVIS
DNBOAP_06535	True	MNKLLIFIILLVFS
DLCMNL_05665	True	MIKGNMLILILVTTMLVS
DLCMNL_06190	True	MKNKNIVKLFFASMLFIMA
GCGJFL_04685	True	MQKDIYISNIFLYIPLFYS
GCGJFL_04750	True	MKYHIIVSIFIFLFLNA
GCGJFL_05865	True	MNLIIKVMLISSLFSSFIS
GCGJFL_06125	True	MNLIAKLFILSTLVSIPNILS
GCGJFL_06290	True	MNKLLIFIILLVFS
AMNIDF_04680	True	MSKLILAISILLIIS
AMNIDF_04745	True	MKKVKSKYLALGLLFGFIS
AMNIDF_04775	True	MNKKFSISLLSTILAFLLVLG
AMNIDF_05110	True	MKKITSLVFIMPLFVLIA
AMNIDF_05120	True	MTRKMFVVYAILTLTS
AMNIDF_05130	True	MKKDIRILNIFLYIPLFYS
AMNIDF_05150	True	MVKNLFLYILLIVGLMS
AMNIDF_06100	True	MKKISSAIFLGAIFVFVN
JODKDA_05110	True	MKKNTLSAILMTLFLFIS
JODKDA_06010	True	MKNKNIFKLFFVSMLFIMA
JODKDA_06100	True	MKKISSAIFLVAFFAFIN
ANPAAP_04975	True	MKYHIIVSIFIFLFLNA
ANPAAP_05055	True	MNLIIKVMLISSLFSSFIS
ANPAAP_05065	True	MNLIAKLFILSTLVSIPNILS
ANPAAP_05070	True	MILYYNTTLFLHKVSTMNLMIKVLIFSLFLSFIS
ANPAAP_05095	True	MNSKFILKYFILVFFLVS
ANPAAP_05145	True	MKIYLYLFSGFLAMS
ANPAAP_05205	True	MDKFLTSNHPPIIIFTIGAL
ANPAAP_05210	True	MKIYLYLFSGFLAMS
ANPAAP_05225	True	MIKGNTFILILVTTMFVS
ANPAAP_05430	True	MKKNTLSAILMTLFLFIS
ANPAAP_06255	True	MNKKMKMFIVYAVFILIGA
ANPAAP_06280	True	MNKKILIIFAVFALIIS
KCCBHE_05550	True	MTRKMFVVYAILTLTS
KCCBHE_05890	True	MKKISSAIFLGAIFVFVN
KCCBHE_06225	True	MKYHIIVSIFIFLFLNA
KCCBHE_06240	True	MILYYNNTLFLHKVSTMNLMIKVLIFSLFLSFIS
AINDPC_02055	True	MNTKTLYLISLILLA
AINDPC_04555	True	MKKNTLSAILMTLFLFIS
GMPCOK_05440	True	MNLIAKLFILSTLVSIPNILS
EFMOJC_00835	True	MKKNTLSAILMTLFLFIS
EFMOJC_01315	True	MNRKFVISLLFIILTFLLILG
EFMOJC_01450	True	MKYNIIASAFVFLFLNA
EFMOJC_06240	True	MNKKILIIFAVFALIIS
KFEJKD_01935	True	MNLIAKLFILSTLVSIPNILS
KFEJKD_03250	True	MKKNTLSAILMTLFLFIS
KFEJKD_03850	True	MGNKIFYISVVLILIVG
KFEJKD_04565	True	MKKLIKILLSSLFLLFSIS
KFEJKD_05565	True	MRKILFFGLLSI
KFEJKD_05890	True	MLKLKISIAIALIVKSLLSRSLSKFLVYST
KFEJKD_05960	True	MKKISSAILLTTFFVFIN
KFEJKD_05965	True	MKKISSAILLTTFFVFIN
KFEJKD_06385	True	MKKSFLSIYMLISISLLS
KFEJKD_06695	True	LKKEKLNRIKLNIIAMILTLI
KFEJKD_06900	True	LKKAKLNIIKINIITMILTLI
KFEJKD_06965	True	LKKEKLNIIKLNTIAMILTLI
KLACFF_04685	True	MQKDIYISNIFLYIPLFYS
KLACFF_05680	True	MDKFLTSNHPPIIIFTIGAL
KLACFF_06585	True	MNKLLIFIILLVFS
BOHBDJ_04685	True	MQKDIYISNIFLYIPLFYS
BOHBDJ_04840	True	MKKKMFLYTLLTIGLMS
BOHBDJ_04890	True	VGNKIFYISVVLILIVG
BOHBDJ_06395	True	MNKLLIFIILLVFS
BIKOAE_05050	True	MKKITSLVFIMPLFVLIA
BIKOAE_05060	True	MTRKMFVVYAILTLTS
BIKOAE_05070	True	MKKDIRILNIFLYIPLFYS
BAPHAO_05555	True	MDKFLTSNHPPIIIFTIGAL
EGFPMN_04845	True	MKKKMFLYTLLTIGLMS
JIDBHP_06195	True	MKYHIIVSIFIFLFLNA
JHFDLE_01270	True	MKNNISDVFFKYNAMIYKFLNSKKEHMIRVLLGVLSASFLFSI
JHFDLE_04515	True	MKNLKTKINFLGIFWLLLLFLS
JHFDLE_04565	True	LKKTIIVFIILAFMLN
JHFDLE_04570	True	LKRVIVSFVVLILG
JHFDLE_04575	True	MNKIGIAFIISFLLFVN
JHFDLE_05010	True	MKKNIYILNIFLYIPLFYS
JHFDLE_05090	True	MKKVKSKYLALGLLFGFIS
JHFDLE_05105	True	MNKKFSISLLSTILAFLLVLG
JHFDLE_05155	True	MKKNTLSAILMTLFLFIS
JHFDLE_05540	True	MKKITSLVFILPLFVLIT
JHFDLE_06220	True	MKIINILFYISLLLLNS
AFNEPP_00305	True	MKKKKLSIYMIMLISLLS
AFNEPP_00415	True	MNTKTLYLISLILLA
AFNEPP_00495	True	LRKILKLKIGRDELVFETGFMAKQANGSVLATYGGSSVLATV
AFNEPP_02265	True	MQKKTFYNTEKYLKSHLMLFPIFAYTKNFLDASIASVWISI
AFNEPP_02315	True	MNSIYVIGKLLLTLFLIFFPF
AFNEPP_02320	True	MLNHFNFKLKRDVTIIVPGEAFVSNKRVISTILGS
AFNEPP_02410	True	MKRNFYLIVLFIANN
AFNEPP_02515	True	MKKIFILIVILTTFA
AFNEPP_02580	True	MKKGSKLILILLVTFFA
AFNEPP_02640	True	MLHNTMLIARIMNINTLFYGMIIIIFALIS
AFNEPP_02655	True	MKNNISDIFFKYNVVIYKFLNSKKEHMIRVLLGSLAVSFLFSI
AFNEPP_02720	True	MLLKLKYRFVGFLLLFLIFILLLFSTIFNFVL
AFNEPP_02770	True	MKKLIIIFTLFLSQA
AFNEPP_03065	True	LKIFILKNTIYLLINLI
AFNEPP_03085	True	MKNKENEVLNLTLNLTIIFLIF
AFNEPP_03115	True	MGLYLKLLRQSINLKSLFPLSVLFFS
AFNEPP_03235	True	LYNFKDSVNITVVSGNGGSG
AFNEPP_03240	True	VRIAILGGTYNPVHIGHIFLAKEIEYLLNIDRVIFIPT
HCFOCN_04660	True	MKKDIYISNIFLYIPLFYS
HCFOCN_04735	True	MKYHIIVSIFIFLFLNA
HCFOCN_04875	True	MKKNTLSAILMTLFLFIS
HCFOCN_04925	True	MKKKFNFIFSVIIFLFS
HCFOCN_05065	True	MIESKHQKYYFYSLFLSELARTLPHAVLTIILINKGLSLKDIAMVQI
HCFOCN_05470	True	MNRKFVISLLFIILTFLLILG
HCFOCN_05750	True	VGNKIFYISVVLILIVG
HCFOCN_06005	True	MKKLIKILLLSLFLLLSIS
EPICMG_04660	True	MKKKMFLYTLLTIGLMS
CENHHB_04680	True	MSKLILAISILLIIS
CENHHB_04690	True	MSKLILAISILLIIS
CENHHB_04745	True	MKKVKSKYLALGLLFGFIS
GDCPBO_04685	True	MSKLILAISILLIIS
HEGNPG_04580	True	LTKNKLNIIATILTLIGTS
HEGNPG_04595	True	LKKAKLNIIKINIITMILTLI
HEGNPG_04600	True	LKKAKLNIIKINIIAMILTLI
HEGNPG_04605	True	LKKEKLNRIKLNIIAMILTLI
HEGNPG_04615	True	LNKIKLSILITLGITTFFS
HEGNPG_04625	True	MTKLMYAIFLSAILFVA
HEGNPG_04640	True	MVKKIIFISFSIFIVS
HEGNPG_04645	True	LNGKLRKALKIAIFTTLLLVIS
HEGNPG_04750	True	MQRISILLMLLAVFS
HEGNPG_04755	True	MIIKKRGLLILGIATVIS
HEGNPG_04760	True	MKRYIYVYIISVAVIS
HEGNPG_04820	True	MRLLIGFALALALIG
HEGNPG_04825	True	MKKYLLGIGLILALIA
HEGNPG_04830	True	LQIKNFPFLFLLNSLIIFS
HEGNPG_04865	True	MLRYIIIYIFFKKFYLIFKFKYLHNRIVGDGMKNILLFVILLFFS
HEGNPG_05170	True	MKNLKTKINFLGIFWLLLLFLS
HEGNPG_05395	True	MKKDIRILNIFLYVLLFYS
HEGNPG_06035	True	MDKFLTSNHPPIIIFTIGAL
EFDIJO_05450	True	MKKDIRILNIFLYIPLFYS
GEBMJB_06360	True	MKKISSVILLTTFFVFIN
NCOCKI_06275	True	MNLIAKLFILSTLVSIPNILS
OHAJAL_04470	True	MKYHIIVSIFIFLFFLNA
OHAJAL_04490	True	MRKSLFLYTLLMGGLMS
OHAJAL_04495	True	MRKSLFLYALLMGGLMS
OHAJAL_04520	True	LKNFKLNIIKLNVITAILTSI
OHAJAL_04525	True	LKNFKLNTIKLNVITAILTLI
OHAJAL_04555	True	MIESKHQKYYFYSLFLSELARTLPHAVLTIILINKGLSLKDIAMVQI
OHAJAL_04720	True	MSKLILAISILLIIS
OHAJAL_04730	True	MSKLILAISILLIIS
OHAJAL_04785	True	MKKVKSKYLALGLLFGFIS
OHAJAL_04800	True	MNKKFSISLLSTILAFLLVLG
OHAJAL_04820	True	MKKNIYILNIFLYIPLFYS
DMHAMM_04685	True	MQKDIYISNIFLYIPLFYS
AGFJGC_04685	True	MQKDIYISNIFLYIPLFYS
GGIAGI_05260	True	MKKITSLVFIMPLFVLIA
EMEHFM_03035	True	VGNKIFHISVVLILIVG
EMEHFM_04590	True	MKKNTLSAILMTLFLFIS
LGKPKB_04840	True	MKKNTLSAILMTLFLFIS
LGKPKB_05835	True	MKKISSAIFMVAFFAFIN
LGKPKB_06080	True	MKKDIYISNIFLYIPLFYS
