refseq_id	old_name
BB_RS00005	BB_0001
BB_RS00010	BB_0002
BB_RS00015	BB_0003
BB_RS00020	BB_0004
BB_RS00025	BB_0005
BB_RS00030	BB_0006
BB_RS00035	BB_0007
BB_RS00040	BB_0008
BB_RS00045	BB_0009
BB_RS00050	BB_0010
BB_RS00055	BB_0011
BB_RS00060	BB_0012
BB_RS00065	BB_0013
BB_RS00070	BB_0014
BB_RS00075	BB_0015
BB_RS00080	BB_0016
BB_RS00085	BB_0017
BB_RS00090	BB_0018
BB_RS00095	BB_0019
BB_RS00100	BB_0020
BB_RS00105	BB_0021
BB_RS00110	BB_0022
BB_RS00115	BB_0023
BB_RS00120	BB_0024
BB_RS00125	BB_0025
BB_RS00130	BB_0026
BB_RS00135	BB_0027
BB_RS00140	BB_0028
BB_RS00145	BB_0029
BB_RS00150	BB_0030
BB_RS00155	BB_0031
BB_RS00160	BB_0032
BB_RS00165	BB_0033
BB_RS00170	BB_0034
BB_RS00175	BB_0035
BB_RS00180	BB_0036
BB_RS00185	BB_0037
BB_RS00190	BB_0038
BB_RS00195	BB_0039
BB_RS00200	BB_0040
BB_RS00205	BB_0042
BB_RS00210	BB_0043
BB_RS00215	BB_0044
BB_RS00220	BB_0045
BB_RS00225	BB_0046
BB_RS00230	BB_0047
BB_RS00235	BB_t25
BB_RS00245	BB_0050
BB_RS00250	BB_0051
BB_RS00255	BB_0052
BB_RS00260	BB_0053
BB_RS00265	BB_0054
BB_RS00270	BB_0055
BB_RS00275	BB_0056
BB_RS00280	BB_0057
BB_RS00285	BB_0058
BB_RS00290	BB_0059
BB_RS00295	BB_0060
BB_RS00300	BB_0061
BB_RS00305	BB_0062
BB_RS00310	BB_0063
BB_RS00315	BB_0064
BB_RS00320	BB_0065
BB_RS00325	BB_0066
BB_RS00330	BB_0067
BB_RS00335	BB_0068
BB_RS00340	BB_0069
BB_RS00345	BB_0070
BB_RS00350	BB_0071
BB_RS00355	BB_0072
BB_RS00360	BB_0073
BB_RS00365	BB_0074
BB_RS00370	BB_0075
BB_RS00375	BB_0076
BB_RS00380	BB_0077
BB_RS00385	BB_0078
BB_RS00390	BB_0080
BB_RS00395	BB_0081
BB_RS00400	BB_0082
BB_RS00405	BB_0083
BB_RS00410	BB_0084
BB_RS00415	BB_0085
BB_RS00420	BB_0086
BB_RS00425	BB_0087
BB_RS00430	BB_0088
BB_RS00435	BB_0089
BB_RS00440	BB_0090
BB_RS00445	BB_0091
BB_RS00450	BB_0092
BB_RS00455	BB_0093
BB_RS00460	BB_0094
BB_RS00465	BB_0095
BB_RS00470	BB_0096
BB_RS00475	BB_0097
BB_RS00480	BB_0098
BB_RS00485	BB_0099
BB_RS00490	BB_0100
BB_RS00495	BB_0101
BB_RS00500	BB_0102
BB_RS00505	BB_0103
BB_RS00510	BB_0104
BB_RS00515	BB_0105
BB_RS00520	BB_0106
BB_RS00525	BB_0107
BB_RS00530	BB_0108
BB_RS00535	BB_0109
BB_RS00540	BB_0110
BB_RS00545	BB_0111
BB_RS00550	BB_0112
BB_RS00555	BB_0113
BB_RS00560	BB_0114
BB_RS00565	BB_0115
BB_RS00570	BB_0116
BB_RS00575	BB_0117
BB_RS00580	BB_0118
BB_RS00585	BB_0119
BB_RS00590	BB_0120
BB_RS00595	BB_0121
BB_RS00600	BB_0122
BB_RS00605	BB_0123
BB_RS00610	BB_0124
BB_RS00615	BB_0125
BB_RS00620	BB_0126
BB_RS00625	BB_0127
BB_RS00630	BB_0128
BB_RS00635	BB_0129
BB_RS00640	BB_0130
BB_RS00645	BB_0131
BB_RS00650	BB_0132
BB_RS00655	BB_0133
BB_RS00660	BB_0134
BB_RS00665	BB_0135
BB_RS00670	BB_0136
BB_RS00675	BB_0137
BB_RS00685	BB_0139
BB_RS00690	BB_0140
BB_RS00695	BB_0141
BB_RS00700	BB_0142
BB_RS00705	BB_0143
BB_RS00710	BB_0144
BB_RS00715	BB_0145
BB_RS00720	BB_0146
BB_RS00725	BB_0147
BB_RS00730	BB_0149
BB_RS00735	BB_0151
BB_RS00740	BB_0152
BB_RS00745	BB_0153
BB_RS00750	BB_0154
BB_RS00755	BB_0155
BB_RS00760	BB_0156
BB_RS00765	BB_0157
BB_RS00770	BB_0158
BB_RS00775	BB_0159
BB_RS00780	BB_0160
BB_RS00785	BB_0161
BB_RS07735	BB_0162
BB_RS00790	BB_0163
BB_RS00795	BB_0164
BB_RS00800	BB_0165
BB_RS00805	BB_0166
BB_RS00810	BB_0167
BB_RS00815	BB_0168
BB_RS00820	BB_0169
BB_RS00825	BB_0170
BB_RS00830	BB_0171
BB_RS00835	BB_0172
BB_RS00840	BB_0173
BB_RS00845	BB_0174
BB_RS00850	BB_0175
BB_RS00855	BB_0176
BB_RS00860	BB_0177
BB_RS00865	BB_0178
BB_RS00870	BB_0179
BB_RS00875	BB_0180
BB_RS00880	BB_0181
BB_RS00885	BB_0182
BB_RS00890	BB_0183
BB_RS00895	BB_0184
BB_RS00900	BB_0185
BB_RS00905	BB_0186
BB_RS00910	BB_0187
BB_RS00915	BB_0188
BB_RS00920	BB_0189
BB_RS00925	BB_0190
BB_RS00930	BB_0192
BB_RS00935	BB_0193
BB_RS00940	BB_0194
BB_RS00945	BB_0195
BB_RS00950	BB_0196
BB_RS00955	BB_0197
BB_RS00960	BB_0198
BB_RS00965	BB_0199
BB_RS00970	BB_0200
BB_RS00975	BB_0201
BB_RS00980	BB_t01
BB_RS00985	BB_0202
BB_RS00990	BB_0203
BB_RS00995	BB_0204
BB_RS01000	BB_t30
BB_RS01005	BB_t02
BB_RS01010	BB_0205
BB_RS01015	BB_0206
BB_RS01020	BB_0207
BB_RS01025	BB_0208
BB_RS01030	BB_0209
BB_RS01035	BB_0210
BB_RS01040	BB_0211
BB_RS01045	BB_0212
BB_RS01050	BB_t31
BB_RS01055	BB_0213
BB_RS01060	BB_0214
BB_RS01065	BB_0215
BB_RS01070	BB_0216
BB_RS01075	BB_0217
BB_RS01080	BB_0218
BB_RS01085	BB_0219
BB_RS01090	BB_0220
BB_RS01095	BB_0221
BB_RS01100	BB_0222
BB_RS01105	BB_0223
BB_RS01110	BB_0224
BB_RS01115	BB_0225
BB_RS01120	BB_0226
BB_RS01125	BB_0227
BB_RS01130	BB_0228
BB_RS01135	BB_0229
BB_RS01140	BB_0230
BB_RS01145	BB_0231
BB_RS01150	BB_0232
BB_RS01155	BB_0233
BB_RS01160	BB_0234
BB_RS01165	BB_0235
BB_RS01170	BB_0236
BB_RS01175	BB_0237
BB_RS01180	BB_0238
BB_RS01185	BB_0239
BB_RS01190	BB_0240
BB_RS01195	BB_0241
BB_RS01200	BB_0243
BB_RS01205	BB_0244
BB_RS01210	BB_0245
BB_RS01215	BB_0246
BB_RS01220	BB_0247
BB_RS01225	BB_0248
BB_RS01230	BB_0249
BB_RS01235	BB_0250
BB_RS01245	BB_0251
BB_RS01250	BB_0252
BB_RS01255	BB_0253
BB_RS01260	BB_0254
BB_RS01265	BB_0255
BB_RS01270	BB_0256
BB_RS01275	BB_0257
BB_RS01280	BB_0258
BB_RS01285	BB_0259
BB_RS01290	BB_0260
BB_RS01295	BB_0261
BB_RS01300	BB_0262
BB_RS01305	BB_0263
BB_RS01310	BB_0264
BB_RS01315	BB_0265
BB_RS01320	BB_0266
BB_RS01325	BB_0267
BB_RS01330	BB_0268
BB_RS01335	BB_0269
BB_RS01340	BB_0270
BB_RS01345	BB_0271
BB_RS01350	BB_0272
BB_RS01355	BB_0273
BB_RS01360	BB_0274
BB_RS01365	BB_0275
BB_RS01370	BB_0276
BB_RS01375	BB_0277
BB_RS01380	BB_0278
BB_RS01385	BB_0279
BB_RS01390	BB_0280
BB_RS01395	BB_0281
BB_RS01400	BB_0282
BB_RS01405	BB_0283
BB_RS01410	BB_0284
BB_RS01415	BB_0285
BB_RS01420	BB_0286
BB_RS01425	BB_0287
BB_RS01430	BB_0288
BB_RS01435	BB_0289
BB_RS01440	BB_0290
BB_RS01445	BB_0291
BB_RS01450	BB_0292
BB_RS01455	BB_0293
BB_RS01460	BB_0294
BB_RS01465	BB_0295
BB_RS01470	BB_0296
BB_RS01475	BB_0297
BB_RS01480	BB_0298
BB_RS01485	BB_0299
BB_RS01490	BB_0300
BB_RS01495	BB_0301
BB_RS01500	BB_0302
BB_RS01505	BB_0303
BB_RS01510	BB_0304
BB_RS01515	BB_0305
BB_RS01520	BB_0306
BB_RS01525	BB_0307
BB_RS01530	BB_0308
BB_RS01535	BB_0309
BB_RS01540	BB_0311
BB_RS01545	BB_0312
BB_RS01550	BB_0313
BB_RS01555	BB_0314
BB_RS01560	BB_0315
BB_RS01565	BB_0316
BB_RS01570	BB_0317
BB_RS01575	BB_0318
BB_RS01580	BB_0319
BB_RS01590	BB_0322
BB_RS01595	BB_0323
BB_RS01600	BB_0324
BB_RS01605	BB_0325
BB_RS01610	BB_0326
BB_RS01615	BB_0327
BB_RS01620	BB_0328
BB_RS01625	BB_0329
BB_RS01630	BB_0330
BB_RS01635	BB_0332
BB_RS01640	BB_0333
BB_RS01645	BB_0334
BB_RS01650	BB_0335
BB_RS01655	BB_0336
BB_RS01660	BB_0337
BB_RS01665	BB_0338
BB_RS01670	BB_0339
BB_RS01675	BB_0340
BB_RS01680	BB_0341
BB_RS01685	BB_0342
BB_RS01690	BB_0343
BB_RS01695	BB_0344
BB_RS01700	BB_0345
BB_RS01705	BB_0346
BB_RS01710	BB_0347
BB_RS01715	BB_0348
BB_RS01720	BB_0349
BB_RS01725	BB_0350
BB_RS01730	BB_0351
BB_RS01735	BB_0352
BB_RS01740	BB_0353
BB_RS01745	BB_0354
BB_RS01750	BB_0355
BB_RS01755	BB_0357
BB_RS01760	BB_0358
BB_RS01765	BB_0359
BB_RS01775	BB_0361
BB_RS01780	BB_0362
BB_RS01785	BB_0363
BB_RS01790	BB_0364
BB_RS01795	BB_0365
BB_RS01800	BB_0366
BB_RS01805	BB_0367
BB_RS01810	BB_0368
BB_RS01815	BB_0369
BB_RS01820	BB_0370
BB_RS01825	BB_0371
BB_RS01830	BB_0372
BB_RS01835	BB_0373
BB_RS01840	BB_0374
BB_RS01845	BB_0375
BB_RS01850	BB_0376
BB_RS01855	BB_0377
BB_RS01860	BB_0378
BB_RS01865	BB_0379
BB_RS01870	BB_0380
BB_RS01875	BB_0381
BB_RS01880	BB_0382
BB_RS01885	BB_0383
BB_RS01890	BB_0384
BB_RS01895	BB_0385
BB_RS01900	BB_0386
BB_RS01905	BB_0387
BB_RS01910	BB_0388
BB_RS01915	BB_0389
BB_RS01920	BB_0390
BB_RS01925	BB_0391
BB_RS01930	BB_0392
BB_RS01935	BB_0393
BB_RS01940	BB_0394
BB_RS01945	BB_0395
BB_RS01950	BB_t03
BB_RS01955	BB_0396
BB_RS01960	BB_t33
BB_RS01965	BB_0397
BB_RS01970	BB_0398
BB_RS01975	BB_0399
BB_RS01980	BB_0400
BB_RS01985	BB_0401
BB_RS01990	BB_0402
BB_RS01995	BB_0403
BB_RS02000	BB_0404
BB_RS02005	BB_0405
BB_RS02010	BB_0406
BB_RS02015	BB_0407
BB_RS02020	BB_0408
BB_RS02025	BB_0409
BB_RS02030	BB_0411
BB_RS02035	BB_0412
BB_RS02040	BB_0413
BB_RS02045	BB_0414
BB_RS02050	BB_0415
BB_RS02055	BB_0416
BB_RS02060	BB_0417
BB_RS02065	BB_0418
BB_RS02070	BB_0419
BB_RS02075	BB_0420
BB_RS02080	BB_r01
BB_RS02085	BB_r02
BB_RS02095	BB_r03
BB_RS02100	BB_r04
BB_RS02110	BB_0421
BB_RS02115	BB_0422
BB_RS02120	BB_t04
BB_RS02125	BB_t05
BB_RS02130	BB_r05
BB_RS02135	BB_0426
BB_RS02140	BB_0427
BB_RS02145	BB_0428
BB_RS02150	BB_0429
BB_RS02155	BB_0430
BB_RS02160	BB_0431
BB_RS02165	BB_0432
BB_RS02170	BB_0434
BB_RS02175	BB_0435
BB_RS02180	BB_0436
BB_RS02185	BB_0437
BB_RS02190	BB_0438
BB_RS02195	BB_0439
BB_RS02200	BB_0440
BB_RS02205	BB_0441
BB_RS02210	BB_0442
BB_RS02215	BB_0443
BB_RS02220	BB_0444
BB_RS02225	BB_0445
BB_RS02235	BB_0446
BB_RS02240	BB_0447
BB_RS02245	BB_0448
BB_RS02250	BB_0449
BB_RS02255	BB_0450
BB_RS02260	BB_0451
BB_RS02265	BB_0452
BB_RS02270	BB_0453
BB_RS02275	BB_0454
BB_RS02280	BB_0455
BB_RS02285	BB_0456
BB_RS02290	BB_0457
BB_RS02295	BB_0458
BB_RS02300	BB_0459
BB_RS02305	BB_t19
BB_RS02310	BB_t20
BB_RS02315	BB_0460
BB_RS02320	BB_t21
BB_RS02325	BB_t06
BB_RS02335	BB_0461
BB_RS02340	BB_0462
BB_RS02345	BB_0463
BB_RS02350	BB_0464
BB_RS02355	BB_0465
BB_RS02360	BB_0466
BB_RS02365	BB_0467
BB_RS02370	BB_0468
BB_RS02375	BB_0469
BB_RS02385	BB_0471
BB_RS02390	BB_0472
BB_RS02395	BB_0473
BB_RS02400	BB_0475
BB_RS02405	BB_0476
BB_RS02410	BB_0477
BB_RS02415	BB_0478
BB_RS02420	BB_0479
BB_RS02425	BB_0480
BB_RS02430	BB_0481
BB_RS02435	BB_0482
BB_RS02440	BB_0483
BB_RS02445	BB_0484
BB_RS02450	BB_0485
BB_RS02455	BB_0486
BB_RS02460	BB_0487
BB_RS02465	BB_0488
BB_RS02470	BB_0489
BB_RS02475	BB_0490
BB_RS02480	BB_0491
BB_RS02485	BB_0492
BB_RS02490	BB_0493
BB_RS02495	BB_0494
BB_RS02500	BB_0495
BB_RS02505	BB_0496
BB_RS02510	BB_0497
BB_RS02515	BB_0498
BB_RS02520	BB_0499
BB_RS02525	BB_0500
BB_RS02530	BB_0501
BB_RS02535	BB_0502
BB_RS02540	BB_0503
BB_RS02545	BB_0504
BB_RS02550	BB_0505
BB_RS02555	BB_0506
BB_RS02560	BB_0507
BB_RS02565	BB_0508
BB_RS02570	BB_0509
BB_RS02575	BB_0511
BB_RS02580	BB_0512
BB_RS02585	BB_0513
BB_RS02590	BB_0514
BB_RS02595	BB_0515
BB_RS02600	BB_0516
BB_RS02605	BB_0517
BB_RS02610	BB_0518
BB_RS02615	BB_0519
BB_RS02620	BB_0522
BB_RS02625	BB_0524
BB_RS02630	BB_0525
BB_RS02635	BB_0526
BB_RS02640	BB_0527
BB_RS02645	BB_0528
BB_RS02650	BB_0530
BB_RS02655	BB_0531
BB_RS02660	BB_0532
BB_RS02665	BB_0533
BB_RS02670	BB_0534
BB_RS02675	BB_0535
BB_RS02680	BB_0536
BB_RS02685	BB_t23
BB_RS02690	BB_t07
BB_RS02695	BB_0537
BB_RS02700	BB_0538
BB_RS02705	BB_0539
BB_RS02710	BB_0540
BB_RS02720	BB_0542
BB_RS02725	BB_0543
BB_RS02730	BB_0544
BB_RS02735	BB_0545
BB_RS02740	BB_0546
BB_RS02745	BB_0547
BB_RS02750	BB_0548
BB_RS02755	BB_0549
BB_RS02760	BB_0550
BB_RS02765	BB_0551
BB_RS02770	BB_0552
BB_RS02775	BB_0553
BB_RS02780	BB_0554
BB_RS02785	BB_0555
BB_RS02790	BB_0556
BB_RS02795	BB_0557
BB_RS02800	BB_0558
BB_RS02805	BB_0559
BB_RS02810	BB_0560
BB_RS02815	BB_0561
BB_RS02820	BB_0562
BB_RS02825	BB_0563
BB_RS02830	BB_0564
BB_RS02835	BB_0565
BB_RS02840	BB_0566
BB_RS02845	BB_0567
BB_RS02850	BB_0568
BB_RS02855	BB_0569
BB_RS02860	BB_0570
BB_RS02865	BB_t24
BB_RS02870	BB_0571
BB_RS02875	BB_0572
BB_RS02880	BB_0573
BB_RS02885	BB_0574
BB_RS02890	BB_0575
BB_RS02895	BB_0576
BB_RS02900	BB_0577
BB_RS02905	BB_0578
BB_RS02910	BB_0579
BB_RS02915	BB_0580
BB_RS02920	BB_0581
BB_RS02925	BB_0582
BB_RS02930	BB_0583
BB_RS02935	BB_0584
BB_RS02940	BB_0585
BB_RS02945	BB_0586
BB_RS02950	BB_0587
BB_RS02955	BB_0588
BB_RS02960	BB_0589
BB_RS02965	BB_0590
BB_RS02970	BB_0591
BB_RS02975	BB_0592
BB_RS02980	BB_0593
BB_RS02985	BB_0594
BB_RS02990	BB_0595
BB_RS02995	BB_0596
BB_RS03000	BB_0597
BB_RS03005	BB_0598
BB_RS03010	BB_0599
BB_RS03015	BB_0600
BB_RS03020	BB_0601
BB_RS03025	BB_0602
BB_RS03030	BB_0603
BB_RS03035	BB_0604
BB_RS03040	BB_0605
BB_RS03045	BB_0606
BB_RS03050	BB_0607
BB_RS03055	BB_0608
BB_RS03060	BB_t08
BB_RS03065	BB_t26
BB_RS03070	BB_t27
BB_RS03075	BB_t09
BB_RS03080	BB_0610
BB_RS03085	BB_0611
BB_RS03090	BB_0612
BB_RS03095	BB_0613
BB_RS07740	BB_0614
BB_RS03100	BB_0615
BB_RS03105	BB_t28
BB_RS03110	BB_0616
BB_RS03115	BB_0617
BB_RS03120	BB_0618
BB_RS03125	BB_0619
BB_RS03130	BB_0620
BB_RS03135	BB_t10
BB_RS03140	BB_0621
BB_RS03145	BB_0622
BB_RS03150	BB_0623
BB_RS03155	BB_0624
BB_RS03160	BB_0625
BB_RS03165	BB_t11
BB_RS03170	BB_0626
BB_RS03175	BB_0627
BB_RS03180	BB_0628
BB_RS03185	BB_0629
BB_RS03190	BB_0630
BB_RS03195	BB_0631
BB_RS03200	BB_t12
BB_RS03205	BB_0632
BB_RS03210	BB_0633
BB_RS03215	BB_0634
BB_RS03220	BB_0635
BB_RS03225	BB_0636
BB_RS03230	BB_0637
BB_RS03235	BB_0638
BB_RS03240	BB_0639
BB_RS03245	BB_0640
BB_RS03250	BB_0641
BB_RS03255	BB_0642
BB_RS03260	BB_0643
BB_RS03265	BB_0644
BB_RS03270	BB_0645
BB_RS03275	BB_0646
BB_RS03280	BB_0647
BB_RS03285	BB_0648
BB_RS03290	BB_0649
BB_RS03295	BB_0650
BB_RS03300	BB_0651
BB_RS03305	BB_0652
BB_RS03310	BB_0653
BB_RS03315	BB_0654
BB_RS03320	BB_0655
BB_RS03325	BB_0656
BB_RS03330	BB_0657
BB_RS03335	BB_0658
BB_RS03340	BB_0659
BB_RS03345	BB_0660
BB_RS03350	BB_0661
BB_RS03355	BB_0662
BB_RS03360	BB_0663
BB_RS03365	BB_0664
BB_RS03370	BB_0665
BB_RS03375	BB_0666
BB_RS03380	BB_0667
BB_RS03385	BB_0668
BB_RS03390	BB_0669
BB_RS03395	BB_0670
BB_RS03400	BB_0671
BB_RS03405	BB_0672
BB_RS03410	BB_0673
BB_RS03415	BB_0674
BB_RS03420	BB_0675
BB_RS03425	BB_0676
BB_RS03430	BB_0677
BB_RS03435	BB_0678
BB_RS03440	BB_0679
BB_RS03445	BB_0680
BB_RS03450	BB_0681
BB_RS03455	BB_0682
BB_RS03460	BB_0683
BB_RS03465	BB_0684
BB_RS03470	BB_0685
BB_RS03475	BB_0686
BB_RS03480	BB_0687
BB_RS03485	BB_0688
BB_RS03490	BB_t13
BB_RS03495	BB_0689
BB_RS03500	BB_0690
BB_RS03505	BB_0691
BB_RS03510	BB_0693
BB_RS03515	BB_0694
BB_RS03520	BB_0695
BB_RS03525	BB_0696
BB_RS03530	BB_0697
BB_RS03535	BB_0698
BB_RS03540	BB_0699
BB_RS03545	BB_0701
BB_RS03550	BB_0702
BB_RS03555	BB_0703
BB_RS03560	BB_0704
BB_RS03565	BB_0705
BB_RS03570	BB_0706
BB_RS03575	BB_0707
BB_RS03580	BB_0708
BB_RS03585	BB_t14
BB_RS03590	BB_t29
BB_RS03595	BB_0709
BB_RS03600	BB_0710
BB_RS03605	BB_0712
BB_RS03610	BB_0713
BB_RS03620	BB_0714
BB_RS03625	BB_0715
BB_RS03630	BB_0716
BB_RS03635	BB_0717
BB_RS03640	BB_0718
BB_RS03645	BB_0719
BB_RS03650	BB_0720
BB_RS03655	BB_0721
BB_RS03660	BB_0722
BB_RS03665	BB_0723
BB_RS03670	BB_0724
BB_RS03675	BB_0725
BB_RS03680	BB_0726
BB_RS03685	BB_0727
BB_RS03690	BB_0728
BB_RS03695	BB_0729
BB_RS03700	BB_0730
BB_RS03705	BB_0731
BB_RS03710	BB_0732
BB_RS03715	BB_0733
BB_RS03720	BB_0734
BB_RS03725	BB_0735
BB_RS03730	BB_0737
BB_RS03735	BB_0738
BB_RS03740	BB_0739
BB_RS03745	BB_0740
BB_RS03750	BB_0741
BB_RS03755	BB_0742
BB_RS03760	BB_0743
BB_RS03765	BB_0744
BB_RS03770	BB_t15
BB_RS03775	BB_t16
BB_RS03780	BB_0745
BB_RS03785	BB_0746
BB_RS03790	BB_0747
BB_RS03795	BB_0748
BB_RS03800	BB_0749
BB_RS03805	BB_0751
BB_RS03810	BB_0752
BB_RS03815	BB_0753
BB_RS03820	BB_0754
BB_RS03825	BB_0755
BB_RS03830	BB_0756
BB_RS03835	BB_0757
BB_RS03840	BB_0758
BB_RS03845	BB_t17
BB_RS03850	BB_0759
BB_RS03855	BB_0760
BB_RS03860	BB_0761
BB_RS03865	BB_0763
BB_RS03870	BB_0764
BB_RS03875	BB_0765
BB_RS03880	BB_0766
BB_RS03885	BB_0767
BB_RS03890	BB_0768
BB_RS03895	BB_0769
BB_RS03900	BB_0770
BB_RS03905	BB_0771
BB_RS03910	BB_0771a
BB_RS03915	BB_0772
BB_RS03920	BB_0773
BB_RS03925	BB_0774
BB_RS03930	BB_0775
BB_RS03935	BB_0776
BB_RS03940	BB_0777
BB_RS03945	BB_0778
BB_RS03950	BB_0779
BB_RS03955	BB_0780
BB_RS03960	BB_0781
BB_RS03965	BB_0782
BB_RS03970	BB_0783
BB_RS03975	BB_0784
BB_RS03980	BB_0785
BB_RS03985	BB_t18
BB_RS03990	BB_0786
BB_RS03995	BB_0787
BB_RS04000	BB_0788
BB_RS04005	BB_0789
BB_RS04010	BB_0790
BB_RS04015	BB_0791
BB_RS04020	BB_0792
BB_RS04025	BB_0793
BB_RS04030	BB_0794
BB_RS04035	BB_0795
BB_RS04040	BB_0796
BB_RS04045	BB_0797
BB_RS04050	BB_0798
BB_RS04055	BB_0799
BB_RS04060	BB_0800
BB_RS04065	BB_0801
BB_RS04070	BB_0802
BB_RS04075	BB_0803
BB_RS04080	BB_0804
BB_RS04085	BB_0805
BB_RS04090	BB_0806
BB_RS04095	BB_0807
BB_RS04100	BB_0808
BB_RS04105	BB_0809
BB_RS04110	BB_0810
BB_RS04115	BB_0811
BB_RS04120	BB_0812
BB_RS04130	BB_0814
BB_RS04135	BB_0815
BB_RS04140	BB_0816
BB_RS04145	BB_0817
BB_RS04150	BB_0818
BB_RS04155	BB_0819
BB_RS04160	BB_0820
BB_RS04165	BB_0821
BB_RS04170	BB_0823
BB_RS04175	BB_0824
BB_RS04180	BB_0825
BB_RS04185	BB_0826
BB_RS04190	BB_0827
BB_RS04195	BB_0828
BB_RS04200	BB_0829
BB_RS04205	BB_0830
BB_RS04210	BB_0831
BB_RS04215	BB_0832
BB_RS04220	BB_0833
BB_RS04225	BB_0834
BB_RS04230	BB_0835
BB_RS04235	BB_0836
BB_RS04240	BB_0837
BB_RS04245	BB_0838
BB_RS04250	BB_0838a
BB_RS04255	BB_0839
BB_RS04260	BB_0840
BB_RS04265	BB_0841
BB_RS04270	BB_0842
BB_RS04275	BB_0843
BB_RS04280	BB_0844
BB_RS04285	BB_0848a
BB_RS07775	BB_0849b
BB_RS04300	BB_0852
BB_RS07380	BB_T01
BB_RS07385	BB_T02
BB_RS07390	BB_T03
BB_RS07395	BB_T0008%2CBB_T04
BB_RS07400	BB_T06
BB_RS07405	BB_T07
BB_RS05435	BB_C01%2CBBC01
BB_RS05440	BB_C02%2CBBC02
BB_RS05445	BB_C03%2CBBC03
BB_RS05450	BB_C05%2CBBC05
BB_RS05455	BB_C06%2CBBC06
BB_RS05460	BB_C07%2CBBC07
BB_RS05465	BB_C10%2CBBC10
BB_RS05470	BB_C11%2CBBC11
BB_RS05475	BB_C12%2CBBC12
BB_RS05610	BB_D01
BB_RS05620	BB_D04
BB_RS05630	BB_D05a
BB_RS05635	BB_D0027
BB_RS05640	BB_D09
BB_RS05645	BB_D10
BB_RS05650	BB_D11
BB_RS05655	BB_D13
BB_RS05660	BB_D14
BB_RS05665	BB_D15
BB_RS05670	BB_D18
BB_RS05680	BB_D21
BB_RS05685	BB_D22
BB_RS07325	BB_U01
BB_RS07330	BB_U02
BB_RS07335	BB_U04
BB_RS07340	BB_U05
BB_RS07345	BB_U06
BB_RS07350	BB_U07
BB_RS07355	BB_U08
BB_RS07360	BB_U09
BB_RS07365	BB_U10
BB_RS07370	BB_U11
BB_RS07375	BB_U12
BB_RS04420	BB_E02
BB_RS04430	BB_E09
BB_RS04435	BB_E16
BB_RS04440	BB_E17
BB_RS04445	BB_E18
BB_RS04450	BB_E19
BB_RS04455	BB_E20
BB_RS04460	BB_E21
BB_RS04465	BB_E22
BB_RS04485	BB_E31
BB_RS05480	BB_B01
BB_RS05485	BB_B02
BB_RS05490	BB_B03
BB_RS05495	BB_B04
BB_RS05500	BB_B05
BB_RS05505	BB_B06
BB_RS05510	BB_B07
BB_RS05515	BB_B08
BB_RS05520	BB_B09
BB_RS05525	BB_B10
BB_RS05530	BB_B11
BB_RS05535	BB_B12
BB_RS05540	BB_B13
BB_RS05545	BB_B14
BB_RS05550	BB_B16
BB_RS05555	BB_B17
BB_RS05560	BB_B18
BB_RS05565	BB_B19
BB_RS05570	BB_B22
BB_RS05575	BB_B23
BB_RS05580	BB_B24
BB_RS05585	BB_B25
BB_RS05590	BB_B26
BB_RS05595	BB_B27
BB_RS05600	BB_B28
BB_RS05605	BB_B29
BB_RS07870	BB_F001
BB_RS05695	BB_F01
BB_RS05700	BB_F03
BB_RS05710	BB_F05
BB_RS05715	BB_F06
BB_RS05720	BB_F08
BB_RS05725	BB_F09
BB_RS05730	BB_F10
BB_RS05740	BB_F12
BB_RS05745	BB_F13
BB_RS05750	BB_F14
BB_RS05755	BB_F17
BB_RS05765	BB_F20
BB_RS05775	BB_F23
BB_RS05780	BB_F24
BB_RS05785	BB_F25
BB_RS05790	BB_F26
BB_RS07890	BB_F30
BB_RS05835	BB_F32
BB_RS05840	BB_F0041
BB_RS04500	BB_G01
BB_RS04505	BB_G02
BB_RS04510	BB_G03
BB_RS04515	BB_G05
BB_RS04520	BB_G06
BB_RS04525	BB_G07
BB_RS04530	BB_G08
BB_RS04535	BB_G09
BB_RS04540	BB_G10
BB_RS04550	BB_G12
BB_RS04555	BB_G13
BB_RS04565	BB_G15
BB_RS04570	BB_G16
BB_RS04575	BB_G17
BB_RS04580	BB_G18
BB_RS04585	BB_G19
BB_RS04590	BB_G20
BB_RS04595	BB_G21
BB_RS04600	BB_G0036
BB_RS04605	BB_G22
BB_RS04610	BB_G23
BB_RS04615	BB_G24
BB_RS04620	BB_G25
BB_RS04625	BB_G26
BB_RS04630	BB_G27
BB_RS04635	BB_G28
BB_RS04640	BB_G29
BB_RS04645	BB_G30
BB_RS04650	BB_G31
BB_RS04655	BB_G32
BB_RS04660	BB_G33
BB_RS04665	BB_G34
BB_RS04305	BB_H02
BB_RS04315	BB_H04
BB_RS04320	BB_H06
BB_RS04335	BB_H09
BB_RS04345	BB_H13
BB_RS04350	BB_H18
BB_RS04360	BB_H26
BB_RS04365	BB_H27
BB_RS04370	BB_H28
BB_RS04375	BB_H29
BB_RS07790	BB_H30
BB_RS04380	BB_H32
BB_RS04385	BB_H33
BB_RS04390	BB_H34
BB_RS04395	BB_H36a
BB_RS04405	BB_H37
BB_RS04410	BB_H40
BB_RS04415	BB_H41
BB_RS04995	BB_I01
BB_RS05000	BB_I0044%2CBB_I02
BB_RS05005	BB_I02b
BB_RS05010	BB_I06
BB_RS05025	BB_I12
BB_RS07835	BB_I15
BB_RS05035	BB_I16
BB_RS05040	BB_I19
BB_RS05045	BB_I20
BB_RS05050	BB_I21
BB_RS05055	BB_I22
BB_RS05060	BB_I26
BB_RS05065	BB_I28
BB_RS05070	BB_I29
BB_RS05075	BB_I31
BB_RS05080	BB_I34
BB_RS05085	BB_I36
BB_RS05090	BB_I38
BB_RS05095	BB_I39
BB_RS05100	BB_I40
BB_RS07845	BB_I41
BB_RS05110	BB_I42
BB_RS05115	BB_I43
BB_RS05845	BB_P01
BB_RS05850	BB_P02
BB_RS05855	BB_P03
BB_RS05860	BB_P04
BB_RS05865	BB_P05
BB_RS05870	BB_P06
BB_RS05875	BB_P07
BB_RS05880	BB_P08
BB_RS05885	BB_P09
BB_RS05890	BB_P10
BB_RS05895	BB_P11
BB_RS05900	BB_P12
BB_RS05905	BB_P13
BB_RS05910	BB_P14
BB_RS05915	BB_P15
BB_RS05920	BB_P16
BB_RS05925	BB_P17
BB_RS05930	BB_P18
BB_RS05935	BB_P19
BB_RS05940	BB_P20
BB_RS05945	BB_P21
BB_RS05950	BB_P22
BB_RS05955	BB_P23
BB_RS05960	BB_P24
BB_RS05965	BB_P25
BB_RS05970	BB_P26
BB_RS05975	BB_P27
BB_RS05980	BB_P28
BB_RS05985	BB_P29
BB_RS05990	BB_P30
BB_RS05995	BB_P31
BB_RS06000	BB_P32
BB_RS06005	BB_P33
BB_RS06010	BB_P34
BB_RS06015	BB_P35
BB_RS06020	BB_P36
BB_RS06025	BB_P37
BB_RS06030	BB_P38
BB_RS06035	BB_P39
BB_RS06040	BB_P40
BB_RS06045	BB_P41
BB_RS06050	BB_P42
BB_RS06055	BB_S01
BB_RS06060	BB_S02
BB_RS06065	BB_S03
BB_RS06070	BB_S04
BB_RS06075	BB_S05
BB_RS06080	BB_S06
BB_RS06085	BB_S07
BB_RS06090	BB_S08
BB_RS06095	BB_S09
BB_RS06100	BB_S10
BB_RS06105	BB_S11
BB_RS06110	BB_S12
BB_RS06115	BB_S13
BB_RS06120	BB_S14
BB_RS06125	BB_S15
BB_RS06130	BB_S16
BB_RS06135	BB_S17
BB_RS06140	BB_S18
BB_RS06145	BB_S19
BB_RS06150	BB_S20
BB_RS06155	BB_S21
BB_RS06160	BB_S22
BB_RS06165	BB_S23
BB_RS06170	BB_S24
BB_RS06175	BB_S25
BB_RS06180	BB_S26
BB_RS06185	BB_S27
BB_RS06190	BB_S29
BB_RS06195	BB_S30
BB_RS06200	BB_S31
BB_RS06205	BB_S33
BB_RS06210	BB_S34
BB_RS06215	BB_S35
BB_RS06220	BB_S36
BB_RS06225	BB_S37
BB_RS06230	BB_S38
BB_RS06235	BB_S39
BB_RS06240	BB_S40
BB_RS06245	BB_S41
BB_RS06250	BB_S42
BB_RS06260	BB_S44
BB_RS06265	BB_S45
BB_RS06270	BB_R01
BB_RS06275	BB_R02
BB_RS06280	BB_R03
BB_RS06285	BB_R04
BB_RS06290	BB_R05
BB_RS06295	BB_R06
BB_RS06300	BB_R07
BB_RS06305	BB_R08
BB_RS06310	BB_R09
BB_RS06315	BB_R10
BB_RS06320	BB_R11
BB_RS06325	BB_R12
BB_RS06330	BB_R13
BB_RS06335	BB_R14
BB_RS06340	BB_R15
BB_RS06345	BB_R16
BB_RS06350	BB_R17
BB_RS06355	BB_R18
BB_RS06360	BB_R19
BB_RS06365	BB_R20
BB_RS06370	BB_R21
BB_RS06375	BB_R22
BB_RS06380	BB_R23
BB_RS06385	BB_R24
BB_RS06390	BB_R25
BB_RS06395	BB_R26
BB_RS06400	BB_R27
BB_RS06405	BB_R28
BB_RS06410	BB_R29
BB_RS06415	BB_R31
BB_RS06420	BB_R32
BB_RS06425	BB_R33
BB_RS06430	BB_R34
BB_RS06435	BB_R35
BB_RS06440	BB_R36
BB_RS06445	BB_R37
BB_RS06450	BB_R38
BB_RS06460	BB_R41
BB_RS06465	BB_R42
BB_RS06470	BB_R43
BB_RS06475	BB_R44
BB_RS06480	BB_R45
BB_RS06485	BB_M01
BB_RS06490	BB_M02
BB_RS06495	BB_M03
BB_RS06500	BB_M04
BB_RS06505	BB_M05
BB_RS06510	BB_M06
BB_RS06515	BB_M07
BB_RS06520	BB_M08
BB_RS06525	BB_M09
BB_RS06530	BB_M10
BB_RS06535	BB_M11
BB_RS06540	BB_M12
BB_RS06545	BB_M13
BB_RS06550	BB_M14
BB_RS06555	BB_M15
BB_RS06560	BB_M16
BB_RS06565	BB_M17
BB_RS06570	BB_M18
BB_RS06575	BB_M19
BB_RS06580	BB_M20
BB_RS06585	BB_M21
BB_RS06590	BB_M22
BB_RS06595	BB_M23
BB_RS06600	BB_M24
BB_RS06605	BB_M25
BB_RS06610	BB_M26
BB_RS06615	BB_M27
BB_RS06620	BB_M28
BB_RS06625	BB_M29
BB_RS06630	BB_M30
BB_RS06635	BB_M31
BB_RS06640	BB_M32
BB_RS06645	BB_M33
BB_RS06650	BB_M34
BB_RS06655	BB_M35
BB_RS06660	BB_M36
BB_RS06665	BB_M37
BB_RS06670	BB_M38
BB_RS06675	BB_M39
BB_RS06680	BB_M41
BB_RS06685	BB_M42
BB_RS06690	BB_O01
BB_RS06695	BB_O02
BB_RS06700	BB_O03
BB_RS06705	BB_O04
BB_RS06710	BB_O05
BB_RS06715	BB_O06
BB_RS06720	BB_O07
BB_RS06725	BB_O08
BB_RS06730	BB_O09
BB_RS06735	BB_O10
BB_RS06740	BB_O11
BB_RS06745	BB_O12
BB_RS06750	BB_O13
BB_RS06755	BB_O14
BB_RS06760	BB_O15
BB_RS06765	BB_O16
BB_RS06770	BB_O17
BB_RS06775	BB_O18
BB_RS06780	BB_O19
BB_RS06785	BB_O20
BB_RS06790	BB_O21
BB_RS06795	BB_O22
BB_RS06800	BB_O23
BB_RS06805	BB_O24
BB_RS06810	BB_O25
BB_RS06815	BB_O26
BB_RS06820	BB_O27
BB_RS06825	BB_O28
BB_RS06830	BB_O29
BB_RS06835	BB_O30
BB_RS06840	BB_O31
BB_RS06845	BB_O32
BB_RS06850	BB_O33
BB_RS06855	BB_O34
BB_RS06860	BB_O36
BB_RS06865	BB_O37
BB_RS06870	BB_O38
BB_RS06875	BB_O39
BB_RS06880	BB_O40
BB_RS06885	BB_O42
BB_RS06890	BB_O43
BB_RS06895	BB_O44
BB_RS06900	BB_L01
BB_RS06905	BB_L02
BB_RS06910	BB_L03
BB_RS06915	BB_L04
BB_RS06920	BB_L05
BB_RS06925	BB_L06
BB_RS06930	BB_L07
BB_RS06935	BB_L08
BB_RS06940	BB_L09
BB_RS06945	BB_L10
BB_RS06950	BB_L11
BB_RS06955	BB_L12
BB_RS06960	BB_L13
BB_RS06965	BB_L14
BB_RS06970	BB_L15
BB_RS06975	BB_L16
BB_RS06980	BB_L17
BB_RS06985	BB_L18
BB_RS06990	BB_L19
BB_RS06995	BB_L20
BB_RS07000	BB_L21
BB_RS07005	BB_L22
BB_RS07010	BB_L23
BB_RS07015	BB_L24
BB_RS07020	BB_L25
BB_RS07025	BB_L26
BB_RS07030	BB_L27
BB_RS07035	BB_L28
BB_RS07040	BB_L29
BB_RS07045	BB_L30
BB_RS07050	BB_L31
BB_RS07055	BB_L32
BB_RS07060	BB_L34
BB_RS07065	BB_L35
BB_RS07070	BB_L36
BB_RS07075	BB_L37
BB_RS07080	BB_L38
BB_RS07085	BB_L39
BB_RS07090	BB_L40
BB_RS07095	BB_L41
BB_RS07100	BB_L42
BB_RS07105	BB_L43
BB_RS07110	BB_N01
BB_RS07115	BB_N02
BB_RS07120	BB_N03
BB_RS07125	BB_N04
BB_RS07130	BB_N05
BB_RS07135	BB_N06
BB_RS07140	BB_N07
BB_RS07145	BB_N08
BB_RS07150	BB_N09
BB_RS07155	BB_N10
BB_RS07160	BB_N11
BB_RS07165	BB_N12
BB_RS07170	BB_N13
BB_RS07175	BB_N14
BB_RS07180	BB_N15
BB_RS07190	BB_N16
BB_RS07195	BB_N17
BB_RS07200	BB_N18
BB_RS07205	BB_N19
BB_RS07210	BB_N20
BB_RS07215	BB_N21
BB_RS07220	BB_N22
BB_RS07225	BB_N23
BB_RS07230	BB_N24
BB_RS07235	BB_N25
BB_RS07240	BB_N26
BB_RS07245	BB_N27
BB_RS07250	BB_N28
BB_RS07255	BB_N29
BB_RS07260	BB_N30
BB_RS07265	BB_N31
BB_RS07270	BB_N32
BB_RS07275	BB_N33
BB_RS07280	BB_N34
BB_RS07285	BB_N35
BB_RS07290	BB_N36
BB_RS07295	BB_N37
BB_RS07300	BB_N38
BB_RS07305	BB_N39
BB_RS07310	BB_N41
BB_RS07315	BB_N42
BB_RS07320	BB_N43
BB_RS04835	BB_K01
BB_RS04840	BB_K02a
BB_RS04845	BB_K07
BB_RS04850	BB_K09
BB_RS04855	BB_K10
BB_RS04860	BB_K12
BB_RS04865	BB_K13
BB_RS04870	BB_K15
BB_RS04875	BB_K17
BB_RS04880	BB_K19
BB_RS04885	BB_K21
BB_RS04890	BB_K22
BB_RS04895	BB_K23
BB_RS04900	BB_K24
BB_RS04905	BB_K54
BB_RS04915	BB_K32
BB_RS07750	BB_K35
BB_RS04920	BB_K37
BB_RS04925	BB_K0058
BB_RS04930	BB_K39
BB_RS04935	BB_K40
BB_RS04940	BB_K41
BB_RS04945	BB_K42
BB_RS04950	BB_K45
BB_RS04955	BB_K46
BB_RS04960	BB_K47
BB_RS04965	BB_K48
BB_RS04970	BB_K49
BB_RS04975	BB_K50
BB_RS04980	BB_K52
BB_RS04985	BB_K53
BB_RS04690	BB_J08
BB_RS04695	BB_J09
BB_RS04700	BB_J10
BB_RS04705	BB_J13
BB_RS04710	BB_J16
BB_RS04715	BB_J17
BB_RS04720	BB_J18
BB_RS04725	BB_J19
BB_RS04730	BB_J23
BB_RS04735	BB_J24
BB_RS04740	BB_J25
BB_RS04745	BB_J26
BB_RS04750	BB_J27
BB_RS04755	BB_J28
BB_RS04760	BB_J29
BB_RS04765	BB_J31
BB_RS04770	BB_J34
BB_RS04775	BB_J36
BB_RS04785	BB_J41
BB_RS04790	BB_J43
BB_RS04795	BB_J45
BB_RS04800	BB_J46
BB_RS04805	BB_J47
BB_RS04810	BB_J48
BB_RS04815	BB_J50
BB_RS05120	BB_A01
BB_RS05125	BB_A03
BB_RS05130	BB_A04
BB_RS05135	BB_A05
BB_RS05140	BB_A07
BB_RS05145	BB_A08
BB_RS05150	BB_A09
BB_RS05155	BB_A10
BB_RS05160	BB_A11
BB_RS05165	BB_A12
BB_RS05170	BB_A13
BB_RS05175	BB_A14
BB_RS05180	BB_A15
BB_RS05185	BB_A16
BB_RS05190	BB_A18
BB_RS05195	BB_A19
BB_RS05200	BB_A20
BB_RS05205	BB_A21
BB_RS07755	BB_A22
BB_RS05210	BB_A23
BB_RS05215	BB_A24
BB_RS05220	BB_A25
BB_RS05230	BB_A30
BB_RS05235	BB_A31
BB_RS05240	BB_A33
BB_RS05245	BB_A34
BB_RS05250	BB_A36
BB_RS05255	BB_A37
BB_RS05260	BB_A38
BB_RS05265	BB_A39
BB_RS05270	BB_A40
BB_RS05275	BB_A41
BB_RS05280	BB_A42
BB_RS05285	BB_A43
BB_RS05290	BB_A44
BB_RS05295	BB_A45
BB_RS05300	BB_A46
BB_RS05305	BB_A47
BB_RS05310	BB_A48
BB_RS05315	BB_A49
BB_RS05320	BB_A50
BB_RS05325	BB_A51
BB_RS05330	BB_A52
BB_RS05335	BB_A53
BB_RS05340	BB_A54
BB_RS05345	BB_A55
BB_RS05350	BB_A56
BB_RS05355	BB_A57
BB_RS05360	BB_A59
BB_RS05365	BB_A60
BB_RS05370	BB_A61
BB_RS05375	BB_A62
BB_RS05380	BB_A64
BB_RS05385	BB_A65
BB_RS05390	BB_A66
BB_RS05395	BB_A68
BB_RS05400	BB_A69
BB_RS05405	BB_A70
BB_RS05420	BB_A73
BB_RS05425	BB_A74
BB_RS05430	BB_A76
BB_RS07410	BB_Q01
BB_RS07415	BB_Q03
BB_RS07420	BB_Q04
BB_RS07425	BB_Q05
BB_RS07430	BB_Q06
BB_RS07435	BB_Q07
BB_RS07440	BB_Q08
BB_RS07445	BB_Q09
BB_RS07455	BB_Q11
BB_RS07460	BB_Q12
BB_RS07465	BB_Q13
BB_RS07470	BB_Q14
BB_RS07475	BB_Q15
BB_RS07480	BB_Q16
BB_RS07485	BB_Q17
BB_RS07490	BB_Q18
BB_RS07495	BB_Q19
BB_RS07500	BB_Q20
BB_RS07505	BB_Q21
BB_RS07510	BB_Q22
BB_RS07515	BB_Q23
BB_RS07520	BB_Q24
BB_RS07525	BB_Q25
BB_RS07530	BB_Q26
BB_RS07535	BB_Q27
BB_RS07540	BB_Q28
BB_RS07545	BB_Q29
BB_RS07550	BB_Q30
BB_RS07555	BB_Q31
BB_RS07560	BB_Q32
BB_RS07565	BB_Q33
BB_RS07570	BB_Q34
BB_RS07575	BB_Q35
BB_RS07580	BB_Q37
BB_RS07585	BB_Q38
BB_RS07590	BB_Q39
BB_RS07595	BB_Q40
BB_RS07600	BB_Q41
BB_RS07605	BB_Q42
BB_RS07610	BB_Q43
BB_RS07615	BB_Q44
BB_RS07620	BB_Q45
BB_RS07625	BB_Q47
BB_RS07630	BB_Q48
BB_RS07635	BB_Q49
BB_RS07640	BB_Q50
BB_RS07645	BB_Q51
BB_RS07650	BB_Q52
BB_RS07655	BB_Q53
BB_RS07660	BB_Q54
BB_RS07665	BB_Q55
BB_RS07895	BB_Q57
BB_RS07675	BB_Q59
BB_RS07685	BB_Q65
BB_RS07690	BB_Q67
BB_RS07705	BB_Q80
BB_RS07710	BB_Q82
BB_RS07720	BB_Q85
BB_RS07730	BB_Q88
