DMPBEC_00005__Uncharacterized-protein-BB_0001	12.0	True	MKYSAILLICSVNLF
DMPBEC_00115__ruvA	10.556217391304347	True	MINKIHGKVIEKKESSLVLMTTVFEFELLVSAF
DMPBEC_00140__bamB	14.658142857142856	True	MKQKYENYFKKRLILNLLIFLLLA
DMPBEC_00170__P13-family-porin	13.82	True	MNKLLIFVLATF
DMPBEC_00185__plsC	15.385714285714286	True	MIIVFMKILRSIITYFNVLLFFLILIFFLFPFYLV
DMPBEC_00190__Uncharacterized-protein-BB_0038	14.053	True	MTKVLVVSAIALLNKDKELIPFYKFLFLFFFFTLLA
DMPBEC_00220__smc	11.839333333333332	True	LVLKKIVLLGFKSFLNRQEFEIGENLSFIVGPNG
DMPBEC_00295__ybeY	9.255090909090908	True	LSKSDLNLLVENIKFEHLNVFYDFVVSVLNALSISDFELSVIL
DMPBEC_00370__PEGA-domain-containing-protein	11.09290909090909	True	MEKLKLKLAIPLLVFTI
DMPBEC_00570__ptsG2	17.16	True	MINFIKIINFSSLQKFSKALRVPISILPVS
DMPBEC_00580__rseP	8.793526315789475	True	MYILFSVLALSFIIFIHELGHFLFAKLFKVKVEVFSVGIGPSILKFKINNTEYRLSPILLGGY
DMPBEC_00630__cmk	15.726333333333333	True	MIIAIDGPSASGKSSIARELGVRLNYKFISSGHLYRIITLIAQRSLMNS
DMPBEC_00690__acrA	17.841857142857144	True	MNLIFNINLYLKKYFLVLFLVLVA
DMPBEC_00705__proX	17.474	True	MYKLFLFFIIFMFLS
DMPBEC_00750__group_2558	14.921	True	MKKHYKALILSLLFAIIS
DMPBEC_00765__group_1199	16.915	True	MVFRTYKHLELIMLPMLMLS
DMPBEC_00830__group_3834	14.061538461538461	True	VGRNFLAILYSCFLFLGFLS
DMPBEC_00935__group_3408	16.633333333333333	True	MSGPKKLAIIALLVISIQG
DMPBEC_01055__group_3654	16.242857142857144	True	MQSGLKIKLILFFCCFACS
DMPBEC_01065__pstS	17.518181818181816	True	MKKVIILIFMLSTSLLYN
DMPBEC_01110__group_981	16.66463636363636	True	MPGRKDLFFLILFLSFSIIIS
DMPBEC_01125__DUF3298-domain-containing-protein	15.207692307692309	True	MLNPRTIKTTFMLISTLMIFNG
DMPBEC_01160__Membrane-associated-protein	10.701	True	MRDLFFNNVKLISLFVFNVVI
DMPBEC_01285__mltE	11.59088888888889	True	MIKIELRDMKKINMFNRSSCVLQNFLFLFLFLSLVS
DMPBEC_01330__hfq	10.807882352941176	True	MFISRELKYILLTSVSALFISAVLGLF
DMPBEC_01480__TPR-repeat-containing-protein-BB_0298	16.744444444444444	True	MKILWLIILVNLFLS
DMPBEC_01515__ftsL	11.629272727272728	True	MNSISKIEFKVYCILVLILTVIL
DMPBEC_01560__group_2773	13.772727272727273	True	MRKITIMILFYGLIINV
DMPBEC_01570__nupP	12.309090909090909	True	MNFFRNSFMALIFSFSILSISYFFGDFFQFSYIKMISWRFILFLIMATGIAT
DMPBEC_01590__xkdP	16.43	True	MNIKNKLISLLIVVAISFIA
DMPBEC_01595__bamD	17.700000000000003	True	MKKLILLNLIFIS
DMPBEC_01615__group_1677	16.448999999999998	True	MKYIKIALMLIIFSLIA
DMPBEC_01620__group_1392	16.62222222222222	True	MKLQKLLFLIIFFLTFLC
DMPBEC_01625__oppA	20.03333333333333	True	MSFNKTKKIGKKIKIVTLLMLAVSLIA
DMPBEC_01630__dppB	16.64	True	MLKFTLKKILGIIPTLLVIIFL
DMPBEC_01650__P26	12.759142857142857	True	MKERCLYLLVFVAL
DMPBEC_01730__group_3395	14.50909090909091	True	MRIKNLILIAILLISPS
DMPBEC_01735__Permease	13.2645	True	MKREIYAFLSNFIIFM
DMPBEC_01770__group_1206	11.86	True	LIIIPVASGKGGVGKSLFSTNIAI
DMPBEC_01790__p22	16.765666666666668	True	MYKNGFFKNYLSLFLIFLVIA
DMPBEC_01875__bmpB	17.425	True	MRIVIFIFGILLTS
DMPBEC_01885__bmpC	17.5875	True	LFKRFIFITLSLLVFA
DMPBEC_01890__bmpD	17.4125	True	MLKKVYYFLIFLFIVA
DMPBEC_01960__group_1406	18.7	True	MNLLVKIAKFILILFLFTS
DMPBEC_02020__Endonuclease	12.566666666666666	True	MKKRSKFFLYCYIL
DMPBEC_02065__group_3888	14.620000000000001	True	MKKANFLSINFLILLLV
DMPBEC_02160__gyrB	12.420461538461538	True	MNYVASNIQVLKGLEAVRKRPGMYIGSVSINGLHHLVYEVVDNSIDEALAGF
DMPBEC_02205__fbaA	10.569923076923077	True	MGVLDKIKPGVVYGKELHFLYEICKKEGFAIPSIN
DMPBEC_02260__group_3658	15.428571428571429	True	MKQKLSWILLFCFLS
DMPBEC_02265__uvrC	8.520666666666667	True	MKENLTNLFEKVIKLPTTSG
DMPBEC_02270__Fibronectin-type-III-domain-containing-protein	13.6	True	MRLILMLLLSFL
DMPBEC_02290__group_2911	17.02	True	VKTRIIIFLSILSILS
DMPBEC_02325__group_3349	18.34	True	MKILRLCLLFLFFA
DMPBEC_02375__group_3265	19.883333333333333	True	MKAQKFKLKLLPILVISGILIVFMS
DMPBEC_02380__tuf	10.401	True	MAKEVFQRTKPHMNVGTIGHVDHGKTTLTAAISIY
DMPBEC_02415__rplV	15.062000000000001	True	MLVNRRYTAKGKNLPSSPKKVRPIADNIRGESYIKAIAVL
DMPBEC_02655__pqqL	14.714384615384615	True	MNYQRIKNYCKFTSVFLFFLFS
DMPBEC_02695__tadD	13.787714285714285	True	LDNLNSINSIKDLSKFFMYKLLFIIVFVLS
DMPBEC_02750__group_3581	15.585714285714285	True	MNKTKNLSLTYFIILS
DMPBEC_02925__metG	11.41608695652174	True	MKKMNLVTAALPYVNNIPHLGNLVQVLSADAFARYSKMSGIETLYV
DMPBEC_02965__rnfE	13.114809523809525	True	MQKKTFYNTEKYLKSHLMLFPIFAYTKNFLDANIASVWISI
DMPBEC_03015__dacC	15.199	True	MNSIYVIGKLLLTLFLIFFPF
DMPBEC_03020__cheD	13.26137037037037	True	MLNHFNFKLKRDVTIIVPGEAFVSNKRVISTILGS
DMPBEC_03065__clpX	11.814	True	MARIKGQKVKECSFCGLSVAELGGNVVISNGVAI
DMPBEC_03110__bglX	15.1375	True	MKRNFYLIVLFIANN
DMPBEC_03155__Lipoprotein,-putative	15.92	True	MRKCFVSLSLLLIFFA
DMPBEC_03170__hypothetical-protein	12.485	True	MNLQKYLFLTALLLISTSVFAQTNTIAKENVIPNGNLSQFGVEEICPICGYVN
DMPBEC_03215__potD	15.075	True	MKKIFILIVILTTFA
DMPBEC_03280__secD	18.057142857142857	True	MKKGSKLILILLVTFFA
DMPBEC_03300__psgB	11.086333333333332	True	MRVDLLPLVELSLYINLSFC
DMPBEC_03325__DZANK-type-domain-containing-protein	9.441111111111113	True	LAKVNFEVFCEQCGEKVGLNRSVCPNCAAKLGDIECPNCRHVGPVPAFGEGCPN
DMPBEC_03340__group_3708	12.573608695652174	True	MLHNTMLIARIMNINTLFYGMIIIIFALIS
DMPBEC_03355__Flagellar-filament-outsheath-protein	15.961230769230768	True	MKNNISDIFFKYNVVIYKFLNSKKEHMIRVLLGSLAVSFLFSI
DMPBEC_03420__group_2778	14.959	True	MLLKLKYRFVGFLLLFLIFILLLFSTIFNFVL
DMPBEC_03470__ykwD	16.25	True	MKKLIIIFTLFLSQA
DMPBEC_03665__cdr	14.122	True	MKIIIIGGTSAGTSAAAKANRLNKKLDITIYEKTNIVSFGT
DMPBEC_03720__mnmC	10.747333333333334	True	MKKPIFKENTIYSSKFDDIYYNPKQGIEESFYTFIKGCNLDLELKTKKNILIAELGFGTGLNFI
DMPBEC_03765__group_3479	12.1	True	LKIFILKNTIYLLINLI
DMPBEC_03785__gldG	12.822181818181818	True	MKNKENEVLNLTLNLTIIFLIF
DMPBEC_03815__group_3753	15.614384615384616	True	MGLYLKLLRQSINLKSLFPLSVLFFS
DMPBEC_03865__pdxK	11.981	True	MKRILAMHDISSMGRTSLTICIPVISSFNMQV
DMPBEC_03910__DUF2147-domain-containing-protein	13.02	True	MTRVFSKFFLFF
DMPBEC_03935__obgE	9.74	True	LYNFKDSVNITVVSGNGGSG
DMPBEC_03940__nadD	15.033941176470588	True	VRIAILGGTYNPVHIGHIFLAKEIEYLLNIDRVIFIPT
DMPBEC_04025__comFC	11.739	True	MSYLNVLKSIFLPFCVF
DMPBEC_04050__truB	11.196	True	LENGFLLINKEQGKTSFETLFPIKKYFNTNRVGHAGTLDKFASGILV
DMPBEC_04060__pnp	11.391363636363636	True	LRKILKLKIGRDELVFETGFMAKQANGSVLATYGGSSVLATVC
DMPBEC_04065__group_3627	17.642857142857142	True	MKFVLNNLFKGCLICFFLFFS
DMPBEC_04140__group_3911	15.87142857142857	True	MNTKTLYLISLILLA
DMPBEC_04185__group_1438	17.416666666666664	True	MLKTLTKIITISCLIVG
DMPBEC_04220__group_1228	16.05625	True	LQILVFIKLSRNIVKKYIKTIFLISMVYFYC
DMPBEC_04350__group_1681	18.977777777777778	True	MNKKMKMFIICAVFALMIS
DMPBEC_04400__Mlp-family-lipoprotein	17.027272727272727	True	MKIINILFCLFLLILNS
DMPBEC_04405__group_1684	18.3	True	MKNKNIVKLFFASMLFIMA
DMPBEC_04410__group_2584	18.371	True	MLKRLHCLLIALLLC
DMPBEC_04460__group_756	13.482	True	VLFPRMDLKGFGYVPQLFFIKPKNELITRTYNTS
DMPBEC_04555__group_1443	18.41111111111111	True	MNKKILIIFAVFALIIS
DMPBEC_04610__group_1687	17.118181818181817	True	MKIINILFCLLLLVLNS
DMPBEC_04615__group_1445	17.027272727272727	True	MKIINILFCLFLLILNS
DMPBEC_04620__Rev	18.3	True	MKNKNIVKLFFASMLFIMA
DMPBEC_04625__group_542	18.851	True	MLKRLHCLLIVLLLC
DMPBEC_04680__group_1689	15.61	True	MRILVGVCIIILALLG
DMPBEC_04705__tnpA	14.516	True	MSHKLTFNNHCVYSINYHLILVTKYRHKCINAELSSSLYQIILNI
DMPBEC_04790__group_1711	10.382	True	MITQSDYIEIKKRLQNIKTRIQFRNADKIDSQGYEGSIGEPILLKDKLAFSV
DMPBEC_04805__group_1714	18.272727272727273	True	MQKAKTKINFLGIFWLLLVFLS
DMPBEC_04855__group_1724	17.311	True	MRKNLFLHIILILGLTS
DMPBEC_04945__group_1730	10.382	True	MITQSDYIEIKKRLQNIKTRIQFRNADKIDSLGYEGSIGEPILLKDKLTFSV
DMPBEC_04960__group_533	15.34	True	MRILVGVCIIALALLG
DMPBEC_04965__Protein-p23	16.433333333333334	True	MKKNIYILNIFLYIPLFYS
DMPBEC_04975__Bbk50-like	14.066666666666666	True	MNLIIKVMLISSLFSSFIS
DMPBEC_04990__Immunogenic-protein-P37,-putative	14.722222222222221	True	VNLINKLFILTILFSSVIS
DMPBEC_05000__Bbk46-like	14.136363636363637	True	MNLIAKLFILSTLVSIPNILS
DMPBEC_05010__Immunogenic-protein-P37	12.666777777777778	True	MILYYNNTLFLHKVSTMNLMIKVLIFSLFLSFIS
DMPBEC_05055__fibronectin-binding-protein	17.2625	True	MKKVKSKYLALGLLFGFIS
DMPBEC_05095__group_1457	16.922222222222224	True	LKKYIINLSLCLLLLS
DMPBEC_05160__group_3248	18.371	True	MLKRLHCLLIALLLC
DMPBEC_05165__group_1745	14.661538461538461	True	MRNKNIFKLFFASMLFVMA
DMPBEC_05220__erpK	18.011111111111113	True	MNKKMFIICAIFALMIS
DMPBEC_05225__group_1244	16.81818181818182	True	MTKKPMFAMSIILMTIILN
DMPBEC_05485__group_1766	17.977777777777778	True	MNKKMFIICAVFALIIS
DMPBEC_05535__group_1776	16.055555555555557	True	MLKLANYLLIALLLLC
DMPBEC_05560__group_1780	16.933333333333334	True	MGNKIFYISVVLILIVG
DMPBEC_05605__group_1787	16.29090909090909	True	MKYYAIISIFVCLFLTA
DMPBEC_05640__Surface-antigen	15.690000000000001	True	LKNFKLNIIKLNVITAILTSICIS
DMPBEC_05645__group_3525	16.15	True	LKNFKLNTIKLNVITAILTLICIS
DMPBEC_05650__group_859	17.801000000000002	True	MKHYIIVHIFVFLFLNA
DMPBEC_05660__Borrelia-burgdorferi-virulent-strain-associated-lipoprotein	16.136363636363637	True	MKNNIILCMCVFLLLNS
DMPBEC_05665__group_862	17.096	True	MKCHIIATIFVFLFLA
DMPBEC_05670__Transporter,-major-facilitator-family	13.533000000000001	True	MIESKHQKYYFYSLFLSELARTLPHAVLTIILINKGLSLKDIAMVQI
DMPBEC_05695__Blasticidin-S-acetyltransferase	16.8275	True	MKYHIITTIFVFLFLA
DMPBEC_05725__Borrelia-ORF-A	15.616	True	MHKIKTTNNNPRNCYNKVQHKLIVLISTI
DMPBEC_05745__group_1251	17.957142857142856	True	MNKLLIFIILLVFS
DMPBEC_05770__group_1253	16.765666666666668	True	MKYLKNISLFLLILG
DMPBEC_05775__group_1109	18.177777777777777	True	MKKKFNFIFPFIIFLFS
DMPBEC_05825__group_1472	17.95	True	MKKFLISVCFLLFYG
DMPBEC_05840__group_1801	11.687666666666667	True	MHLKTKFYKKTYILWTFLKIFKKYLLLFYLLFLTLS
DMPBEC_05845__nCS2	15.34475	True	MGKYVKGLFFQFKNSDINYKKEILAGITTFLSMSYIIAVNPAILSNTGMPIGALVTAT
DMPBEC_05850__group_1802	13.525875	True	MNQSKETLLFQFKNNTIDYKKEVIAGITTFLSMAYIIAVNPAILSSTGMPIGALVTAT
DMPBEC_05855__group_1803	16.736363636363635	True	MKKNTLSVILMTLFLFIS
DMPBEC_05860__guaA	13.402000000000001	True	MMNAKTILILDFGSQYSQLIARRIREIGVYTKVIPY
DMPBEC_05870__group_1111	19.95	True	MKILIKKLKVVLFLNLILLIS
DMPBEC_05875__Oligopeptide-permease-like-protein	18.479	True	MILYQNQLKFLKLLVFFLLIS
DMPBEC_05955__Uncharacterized-lipoprotein-BBD10	17.016666666666666	True	MNSKFILKYFIWVFFLVS
DMPBEC_05975__Uncharacterized-membrane-protein-BB_D15	16.564285714285713	True	MNRKFVISLLFIILTFLLILG
DMPBEC_06045__erpQ	17.8	True	MNKKTLIICAVFALIIS
DMPBEC_06050__erpP	19.244444444444444	True	MNKKMKMFIVCAVFILIGA
DMPBEC_06105__mlpI	17.027272727272727	True	MKIINILFCLFLLMLNS
DMPBEC_06115__group_1480	19.41111111111111	True	MNKKIKIFIICTVVVLISS
DMPBEC_06165__group_1822	16.763636363636365	True	MKIINILFCISLLLLNS
DMPBEC_06265__group_1823	9.491473684210526	True	MKGVSLNERLVITANSLRPKVGLYILKGTCA
AIHKLI_01620__group_1824	16.448999999999998	True	MKYIKIALMLIIFSLIA
AIHKLI_04275__group_1483	13.163636363636364	True	MRKSLFLYTLLMGGLMS
AIHKLI_04385__group_1833	11.381	True	MITQQDYTEIKKKLENTKTRIQFRNGNKIDSLGYQGSLGEPILLKDKLTFSI
AIHKLI_04400__group_1493	18.272727272727273	True	MKNLKTKINFLGIFWLLLLFLS
AIHKLI_04510__group_1104	13.533000000000001	True	MVESKHQKYYFYSLFLSELARTLPHAVLTIILINKGLSLKDIAMVQI
AIHKLI_04520__group_861	17.096	True	MKCHIIATIFVFLFLA
AIHKLI_04535__Borrelia-virulent-strain-associated-lipoprotein,-paralogous-family-60	17.801000000000002	True	MKHYIIVHIFVFLFLNA
AIHKLI_04545__group_1840	16.15	True	LKNFKLNTIKLNVITAILTLICIS
AIHKLI_04580__complement-regulator-acquiring-protein	11.596263157894736	True	MHKESVLTKNKLNIIATILTLIGTS
AIHKLI_04595__Surface-protein	17.259999999999998	True	LKKAKLNIIKINIITMILTLICIS
AIHKLI_04600__Outer-surface-protein	17.51	True	LKKAKLNIIKINIIAMILTLICTS
AIHKLI_04610__group_1846	15.23	True	LNKIKLSILITLGITTFFS
AIHKLI_04615__group_1847	18.151	True	LKNNKLIAIFLLHVLTVLILIS
AIHKLI_04620__Lp6-6-family-lipoprotein	16.28	True	MTKLMYAIFLSAILFVA
AIHKLI_04635__Conserved-domain-protein	17.75	True	MVKKIIFISFSIFIVS
AIHKLI_04640__group_1851	16.46666666666667	True	LNGKLRKALKIAIFTTLLLVIS
AIHKLI_04655__Bbs27-protein	13.566666666666666	True	VRKVCTIFILFF
AIHKLI_04745__group_1606	15.1625	True	MQRISILLMLLAVFS
AIHKLI_04750__group_1870	16.675	True	MIIKKRGLLILGIATVIS
AIHKLI_04755__group_1500	14.911111111111111	True	MKRYIYVYIISVAVIS
AIHKLI_04760__group_1871	14.766666666666667	True	MRITGLLFFLICLLS
AIHKLI_04780__group_1874	17.971666666666664	True	MIKCNNKTFNNLLKLTILVNLLIS
AIHKLI_04815__ospB	14.855555555555556	True	MRLLIGFALALALIG
AIHKLI_04820__ospA	15.455555555555556	True	MKKYLLGIGLILALIA
AIHKLI_04825__Outer-membrane-lipoprotein-BBA14	15.290909090909091	True	LQIKNFPFLFLLNSLIIFS
AIHKLI_04860__BBA07-family-lipoprotein	16.9875	True	MKNILLFVILLFFS
AIHKLI_04865__Antigen,-S1	16.8	True	MNKIGIAFIISFLLFVN
AIHKLI_04870__group_1888	18.32857142857143	True	LKRVIVSFVVLILG
AIHKLI_04875__Putative-outer-membrane-protein-BBA03	18.322222222222223	True	LKKTIIVFIILAFMLN
AIHKLI_04885__group_1890	16.433333333333334	True	MKYYICVCVFLLLNA
AIHKLI_05020__group_2580	18.371	True	MLKRLHCLLIALLLC
AIHKLI_05030__mlpJ	16.763636363636365	True	MKIINILFCISLLLLNS
AIHKLI_05080__erpX	19.53333333333333	True	MNKKMKIFIICAVFVLISS
AIHKLI_05185__ospD	17.255555555555556	True	MKKLIKILLLSLFLLLSIS
AIHKLI_05225__group_2372	11.468666666666667	True	MREISCCFLLLTFSVV
AIHKLI_05265__group_1284	15.6	True	MIKGNTFILILVTTMFVS
AIHKLI_05270__group_958	16.508333333333333	True	MKRKSNICISLLVTILFVS
AIHKLI_05275__group_853	15.690000000000001	True	LKNLKLNIIKLNVITAILTSICIS
AIHKLI_05290__group_1512	11.122769230769231	True	MDKFLTSNHPPIIIFTIGALCATVLI
AIHKLI_05295__group_1914	15.423529411764706	True	MRNISNCIKYIILTMLIGLLIFC
AIHKLI_05350__group_1913	15.423529411764706	True	MRNISNCIKYIILTMLIGLLIFC
AIHKLI_05355__group_1511	11.122769230769231	True	MDKFLTSNHPPIIIFTIGALCATVLI
AIHKLI_05510__group_794	17.2375	True	MSKLILAISILLIIS
AIHKLI_05535__P12-family-lipoprotein	13.39090909090909	True	MRKSLFLYALLMGGLMS
AIHKLI_05540__Putative-vls-recombination-cassette-Vls16a	16.90909090909091	True	MKKISSAILLTTFFVFIN
AIHKLI_05610__Uncharacterized-lipoprotein-BBF20	17.192307692307693	True	MNKKFSISLLSTILAFLLVLG
AIHKLI_05665__erpD	16.077777777777776	True	LKLLKIFMCAFLLLNLVN
AIHKLI_05680__group_1943	16.077777777777776	True	LKLLKIFMCAFLLLNLVN
AIHKLI_05705__group_1947	17.51222222222222	True	MKYHIIVSIFIFLFLNA
AIHKLI_05755__group_1295	14.7	True	MGKILFFGLLLI
AIHKLI_05770__group_1013	14.464636363636362	True	MQKDIYISNIFLYIPLFYS
AIHKLI_05900__group_896	16.96666666666667	True	MNQKAFIICAVFALIIS
AIHKLI_05905__erpC	19.12222222222222	True	MNKKMKMFIICFIFALISS
AIHKLI_05965__group_1016	18.3	True	MKNKNIVKLFFASMLFIMA
AIHKLI_05970__group_2588	18.371	True	MLKRLHCLLIALLLC
AIHKLI_06025__Erp-protein	17.77777777777778	True	MNKKTLIICSVFVLIIS
AIHKLI_06030__group_1959	19.244444444444444	True	MNKKMKMFIVCAVFILIGA
AIHKLI_06080__mlpA	17.027272727272727	True	MKIINILFCLFLLMLNG
AIHKLI_06090__group_3237	18.371	True	MLKRLHCLLIALLLC
AIHKLI_06215__group_742	13.482	True	VLFPRMDLKGFGYVPQLFFIKPKNELITRTYNTN
AIHKLI_06400__group_556	18.371	True	MLKRLHCLLIALLLC
AIHKLI_06535__group_545	18.371	True	MLKRLHCLLIALLLC
AIHKLI_06545__mlpD	17.027272727272727	True	MKIINILFCLFLLMLNG
AIHKLI_06605__erpY	19.022222222222222	True	MNKKIKMFIICAIFMLISS
AIHKLI_06745__group_3244	18.851	True	MLKRLHCLLIVLLLC
AIHKLI_06760__mlpC	17.027272727272727	True	MKIINILFCLFLLMLNG
AIHKLI_06810__erpG	18.755555555555556	True	MNKKMKNLIICAVFVLIIS
AIHKLI_07085__cspZ	15.009090909090908	True	MKKSFLSIYMLISISLLS
AIHKLI_07105__group_1979	16.933333333333334	True	VGNKIFYISVVLILIVG
AIHKLI_07140__Antigen,-P35,-putative	15.863636363636363	True	MKYNTIISIFVCLFLTA
AIHKLI_07150__group_1547	15.988888888888889	True	MKKKMFLYTLLTIGLMS
AIHKLI_07240__ospC	16.518181818181816	True	MKKNTLSAILMTLFLFIS
AIHKLI_07245__group_1298	14.4665	True	MNQSKETLLFQFKNKTIDYKKEIIGGITTFLSMAYIIAVNPAILSSTGMPIGALVTAT
AIHKLI_07385__group_1015	16.75	True	MKKNICILNIFLYIPLFYS
LNEFEP_04300__group_1300	13.058250000000001	True	LKKEKLNRIKLNIIAMILTLICTS
LNEFEP_04480__dbpA	17.971666666666664	True	MIKCNNKTFNNLLKLTILVNLLIS
LNEFEP_04605__group_790	17.2375	True	MSKLILAISILLIIS
LNEFEP_04700__group_933	16.433333333333334	True	MKKNIYILNIFLYIPLFYS
LNEFEP_04705__P52-family-lipoprotein	15.2	True	MRILVGVCIIAALALLG
LNEFEP_04785__CRASP-2	15.009090909090908	True	MKKSFLSIYMLISISLLS
LNEFEP_04840__BbK2-10	19.266666666666666	True	MNKKMKIFIICAVFALMIS
LNEFEP_04990__group_552	18.851	True	MLKRLHCLLIVLLLC
LNEFEP_05000__group_1549	16.763636363636365	True	MKIINILFCISLLMLNG
LNEFEP_05020__Erp45-protein	18.266666666666666	True	MNKIMKIFIICAVFALINS
LNEFEP_05070__group_1996	17.118181818181817	True	MKIINILFCLLLLVLNS
LNEFEP_05080__revA	18.3	True	MKNKNIVKLFFASMLFIMA
LNEFEP_05085__group_553	17.7	True	MLKRLYCLLIALLLC
LNEFEP_05325__Bbk2-11	18.977777777777778	True	MNKKMKMFIICAVFALMIS
LNEFEP_05375__group_1556	17.027272727272727	True	MKIINILFCLFLLMLNG
LNEFEP_05440__Virulent-strain-associated-lipoprotein	16.011111111111113	True	VKYYIYVCVFLLLNA
LNEFEP_05445__group_2000	17.956666666666667	True	MKIKNTYHNMVFLILLIFISA
LNEFEP_05450__group_1105	12.441	True	LPHAVLTIILINKGLSLKDIAMVQI
LNEFEP_05470__Hemolysin-accessory-protein	13.98	True	MTRKMFVVYAILALTSS
LNEFEP_05560__group_2019	15.927272727272728	True	MIKGNMLILILVTTMLVS
LNEFEP_05600__Borrelia-virulent-strain-associated-lipoprotein	17.801000000000002	True	MKHYIIVHIFVFLFLNA
LNEFEP_05720__group_395	14.524000000000001	True	MYTKTTNNNPRNCYNKVQHKLIVLISTI
LNEFEP_05725__Antigen,-P35-like-protein	15.690000000000001	True	LKNSKLNIIKLNVITAILTSICIS
LNEFEP_05730__Antigen,-P35	16.336363636363636	True	VKYNIIVSIFVFLFLNA
LNEFEP_05765__group_1564	14.64	True	MVKNLFLYILLIVGLMS
LNEFEP_05785__group_1575	15.591909090909091	True	MKKDIRILNIFLYIPLFYS
LNEFEP_05790__Glutamyl/glutaminyl-tRNA-synthetase	14.0	True	MTRKMFVVYAILTLTS
LNEFEP_05800__group_1581	17.29090909090909	True	MKKITSLVFIMPLFVLIA
LNEFEP_05835__group_1585	16.518181818181816	True	MKKNTLSAILMTLFLFIS
LNEFEP_05945__group_1100	15.34	True	MRILVGVCIIALALLG
LNEFEP_05995__group_2088	17.51222222222222	True	MKYHIIVSIFIFLFLNA
LNEFEP_06180__group_2047	18.618181818181817	True	MQKFKTKISFIGIFWVLLLLLS
LNEFEP_06195__group_1323	13.379	True	MITQQDYTEIKKKLKNTKTRIQFRNGNKIDSLGYQGSLGEPILLKDKLTFSI
LNEFEP_06445__Erp43-protein	19.41111111111111	True	MNKKIKIFIICTVVVLISS
LNEFEP_06495__group_1590	17.027272727272727	True	MKIINILFCLFLLMLNG
LNEFEP_06505__group_3242	18.371	True	MLKRLHCLLIALLLC
LNEFEP_06540__mlp9	16.763636363636365	True	MKIINILFCISLLLLNS
LNEFEP_06635__elpB2	17.68888888888889	True	MNKKTFIICAVFALISS
LNEFEP_06640__Erp47-protein	19.244444444444444	True	MNKKMKMFIVCAVFILIGA
LNEFEP_06705__Erp44-protein	18.977777777777778	True	MNKKMKMFIICAVFALIIS
LNEFEP_06715__group_2065	19.642857142857142	True	MKKKNIFKLFFVSMLFVMA
LNEFEP_06720__mlp10	17.027272727272727	True	MKIINILFCLFLLLLNS
LNEFEP_06830__group_2069	19.27777777777778	True	MNKKMKMFIICAVFILIGA
LNEFEP_06855__group_1600	19.12222222222222	True	MNKKMKMFIICFIFALISS
HKCNAF_04585__group_1018	18.3	True	MKNKNIVKLFFASMLFIMA
HKCNAF_04590__group_548	18.371	True	MLKRLHCLLIALLLC
HKCNAF_04860__group_2073	16.518181818181816	True	MKKNTLSAILMTLFLFIS
HKCNAF_04925__group_921	17.463636363636365	True	MKKITSLVFILPLFVLIT
HKCNAF_04930__group_1166	13.42	True	MSKFICFIFCVF
HKCNAF_05285__group_3245	18.371	True	MLKRLHCLLIALLLC
HKCNAF_05635__group_860	17.096	True	MKCHIIATIFVFLFLA
HKCNAF_05690__group_1945	16.077777777777776	True	LKLLKIFMCAFLLLNLVN
HKCNAF_05850__group_2086	15.85	True	MNKKTMFVIFFISILC
HKCNAF_05855__group_2087	18.977777777777778	True	MNKKMKMFIICAVFALMIS
HKCNAF_06020__group_2089	13.8375	True	MGPVILSLTSFAPTLVFPFIPSISPLILAILSTRFLSLSLTFFSSS
LGOLAD_04440__group_932	16.433333333333334	True	MKKNIYILNIFLYIPLFYS
LGOLAD_05235__group_1941	16.077777777777776	True	LKLLKIFMCAFLLLNLVN
LGOLAD_05380__group_643	16.90909090909091	True	MKKISSAILLTTFFVFIN
LGOLAD_05485__Erp22-protein	16.96666666666667	True	MNQKAFIICAVFALIIS
LGOLAD_05695__group_1343	17.87777777777778	True	MNKKTIIICAVFALILS
LGOLAD_05760__group_547	18.851	True	MLKRLHCLLIVLLLC
LGOLAD_05900__group_1341	17.87777777777778	True	MNKKTIIICAVFALILS
LGOLAD_05905__group_2071	19.27777777777778	True	MNKKMKMFIICAVFILIGA
LGOLAD_05955__group_2090	17.027272727272727	True	MKIINILFCLFLLMLNG
LGOLAD_05965__group_539	18.851	True	MLKRLHCLLIVLLLC
LGOLAD_06025__group_2585	18.371	True	MLKRLHCLLIALLLC
LGOLAD_06280__group_753	13.482	True	VLFPRMDLKGFGYVPQLFFIKPKNELITRTYNTN
LGOLAD_06630__group_2312	18.011111111111113	True	MNKKMFIICAIFALIVS
LGOLAD_07325__group_2093	18.3	True	MQKINIAKLIFILIFSLFVMS
LGOLAD_07475__group_1014	16.75	True	MKKNICILNIFLYIPLFYS
LGOLAD_07885__group_2096	18.3	True	MQKINIAKLIFILIFSLFVIS
ELJNOB_04460__group_538	15.34	True	MRILVGVCIIALALLG
ELJNOB_04950__group_2098	17.29090909090909	True	MKKITSLVFIMPLFVLIA
ELJNOB_05270__group_1577	15.591909090909091	True	MKKDIRILNIFLYIPLFYS
ELJNOB_05275__group_1060	16.11	True	MGTMSRFNLNFLFLLIILFG
ELJNOB_05400__group_2018	15.927272727272728	True	MIKGNMLILILVTTMLVS
ELJNOB_05975__group_3249	18.851	True	MLKRLHCLLIVLLLC
ELJNOB_06795__group_3238	18.371	True	MLKRLHCLLIALLLC
ELJNOB_06930__Erp51-protein	17.13	True	MNKIMFIICAVFALISS
ELJNOB_06935__group_1603	19.12222222222222	True	MNKKMKMFIICFIFALISS
ELJNOB_07115__group_2110	17.027272727272727	True	MKIINILFCLFLLMLNG
PHNMIL_05190__group_1944	16.077777777777776	True	LKLLKIFMCAFLLLNLVN
PHNMIL_05670__mlpG	17.027272727272727	True	MKIINILFCLFLLMLNG
PHNMIL_05680__group_554	18.851	True	MLKRLHCLLIVLLLC
PHNMIL_05740__group_1339	17.87777777777778	True	MNKKTIIICAVFALILS
PHNMIL_05805__group_540	18.851	True	MLKRLHCLLIVLLLC
PHNMIL_06245__group_541	18.371	True	MLKRLHCLLIALLLC
PHNMIL_07035__Mlp8	17.027272727272727	True	MKIINILFCLFLLMLNG
PHIDNK_04790__group_792	17.2375	True	MSKLILAISILLIIS
PHIDNK_04835__group_1574	15.591909090909091	True	MKKDIRILNIFLYIPLFYS
PHIDNK_04840__group_1310	14.0	True	MTRKMFVVYAILTLTS
PHIDNK_04850__group_1582	17.29090909090909	True	MKKITSLVFIMPLFVLIA
PHIDNK_05045__erpA	19.27777777777778	True	MNKKMKMFIICAVFILIGA
PHIDNK_05095__mlpH	17.027272727272727	True	MKIINILFCLFLLMLNG
PHIDNK_05105__group_549	18.851	True	MLKRLHCLLIVLLLC
PHIDNK_05270__group_3230	18.851	True	MLKRLHCLLIVLLLC
PHIDNK_05330__group_1601	19.12222222222222	True	MNKKMKMFIICFIFALISS
PHIDNK_06145__group_3247	18.371	True	MLKRLHCLLIALLLC
PHIDNK_06195__group_3233	18.851	True	MLKRLHCLLIVLLLC
CBONDI_04365__group_1139	15.009090909090908	True	MKKSFLSIYMLISISLLS
CBONDI_04825__group_2123	17.971666666666664	True	MIKCNNKTFNNLLKLTILVNLLIS
CBONDI_05025__group_2128	15.8	True	LKLLKIFMCTFLLLNLVN
CBONDI_05150__group_917	15.2	True	MRILVGVCIIAALALLG
CBONDI_05355__group_2131	17.027272727272727	True	MKIINILFCLFLLMLNG
CBONDI_05465__group_2134	18.355555555555554	True	MNKIIKILIICSVFVLISS
CBONDI_05515__group_1621	17.027272727272727	True	MKIINILFCLFLLMLNG
CBONDI_05520__group_1622	18.642857142857142	True	MKNKNIFKLFFVSMLFIMA
CBONDI_05730__Erp27-protein	15.988888888888889	True	MNKKMFIICSIFVLTIS
CBONDI_05745__group_37	10.069666666666667	True	MINVLNNKNNNPQDNINNGINGESKMICVSQQSFIG
CBONDI_05780__BBA14-family-lipoprotein	16.1375	True	MLKLVNYLLIALLLC
CBONDI_06040__Arthropod-specific-outer-surface-protein-C	16.518181818181816	True	MKKNTLSAILMTLFLFIS
CBONDI_06125__group_2168	14.528	True	MEKIKKFKNNCQHKLIVLVSTL
CBONDI_06135__group_2170	11.313894736842105	True	LCLQYYTSLFKKLEFNAYEINAGYYKFIGLGYIKSNFFILNP
CBONDI_06140__group_2171	17.977777777777778	True	MNKKMFIICAVFALIIS
CBONDI_06325__group_2183	18.977777777777778	True	MNKKMKMFIICAVFALMIS
CBONDI_06375__group_2184	17.118181818181817	True	MKIINILLCLFLLMLNG
CBONDI_06385__group_2582	18.371	True	MLKRLHCLLIALLLC
CBONDI_06435__Borrelia-ORF-A-superfamily-protein	15.525	True	MNSKTTNKTNRNCYNKVQHKLIVLISTI
CBONDI_06510__group_2191	17.16	True	MNKIMFIICAIFALIVS
CBONDI_06515__ospE	17.488888888888887	True	MNKIMKNLIICAVFAMISS
FOFEEG_04320__group_430	16.8275	True	MKYHIITTIFVFLFLA
FOFEEG_04470__group_2204	11.383	True	MITQEDYTEIKKKLEKTKTRIQFRNGNKIDSLGYQGSLGEPILLKDKLTFSI
FOFEEG_04800__group_1633	18.959	True	MNKYQKTFKIFNFKNLLKLSLLVALIS
FOFEEG_05495__group_2219	17.027272727272727	True	MKIINILFCLFLLMLNS
FOFEEG_05710__group_2225	16.518181818181816	True	MKKNTLSAILMTLFLFIS
FOFEEG_05860__group_2228	13.702	True	MREILFFGLLSI
FOFEEG_05970__group_1452	14.066666666666666	True	MNLIIKVMLISSLFSSFIS
FOFEEG_06095__group_3231	18.851	True	MLKRLHCLLIVLLLC
FOFEEG_06110__group_2230	17.027272727272727	True	MKIINILFCLFLLMLNG
FOFEEG_06155__OspE-related-lipoprotein	17.944444444444443	True	MNKKMFIVCAVFALISS
FOFEEG_06205__group_2233	17.118181818181817	True	MKIINILLCLFLLMLNG
FOFEEG_06275__Erp26-protein	18.355555555555554	True	MNKIIKILIICSVFVLISS
FOFEEG_06325__group_2235	17.027272727272727	True	MKIINILFCLFLLMLNG
FOFEEG_06475__Outer-surface-protein-E	18.822222222222223	True	MNKKMKMFIVYAVFILIGA
FOFEEG_06485__Erp24-protein	18.41111111111111	True	MNKKILIIFAVFALIIS
FOFEEG_06490__group_2241	18.977777777777778	True	MNKKMKMFIICAVFALMIS
FOFEEG_06605__group_1640	17.027272727272727	True	MKIINILFCLFLLILNG
HMIDLJ_04755__group_1580	17.29090909090909	True	MKKITSLVFIMPLFVLIA
HMIDLJ_06470__group_3243	18.851	True	MLKRLHCLLIVLLLC
HMIDLJ_07535__group_369	13.355846153846153	True	VIKSIKKNNEKKIILSGGIASGKTYLA
HILFBG_04265__group_2248	19.163470588235292	True	MLRYIIIYIFFKKFYLIFKFKYLHNRIVGDGMKNILLFVILLFFS
HILFBG_04345__group_2249	18.959	True	MNKYQKTFKIFNFKNLLKLSLLVALIS
HILFBG_04735__group_1916	15.423529411764706	True	MRNISNCIKYIILTMLIGLLIFC
HILFBG_05070__group_3240	18.851	True	MLKRLHCLLIVLLLC
HILFBG_05080__group_2252	17.027272727272727	True	MKIINILFCLFLLLLNS
HILFBG_05350__group_1966	19.022222222222222	True	MNKKIKMFIICAIFMLISS
HILFBG_05520__group_2116	17.027272727272727	True	MKIINILFCLFLLMLNG
HILFBG_06130__group_543	18.851	True	MLKRLHCLLIVLLLC
HILFBG_06505__group_3251	18.851	True	MLKRLHCLLIVLLLC
HILFBG_06625__group_3524	16.15	True	LKNFKLNTIKLNVITAILTLICIS
HILFBG_06695__group_429	16.8275	True	MKYHIITTIFVFLFLA
HILFBG_06895__group_2253	16.518181818181816	True	MKKNTLSAILMTLFLFIS
HILFBG_07410__group_1643	19.90909090909091	True	MFKTIIKQKNMKKISSAILLTTFFVFIN
KGLOHF_04430__group_1645	11.924898305084746	True	VHILPGPIPTFKQSAPAVIKSNAASLVTMLPAIRSKFGYLVLIFLTSSIILVECPWAESMTSIST
KGLOHF_04455__group_3246	18.371	True	MLKRLHCLLIALLLC
KGLOHF_06085__group_535	15.34	True	MRILVGVCIIALALLG
KGLOHF_06395__group_394	14.524000000000001	True	MYTKTTNNNPRNCYNKVQHKLIVLISTI
JFIHAH_04760__group_23	10.069666666666667	True	MINVLNNKNNNPQDNINNGINGESKMICVSQQSFIG
JFIHAH_04820__group_2240	18.977777777777778	True	MNKKMKMFIICAVFALMIS
JFIHAH_04855__group_3234	18.851	True	MLKRLHCLLIVLLLC
JFIHAH_05100__group_3235	17.871000000000002	True	MLKRLHCLLITLLLC
JFIHAH_06250__group_2260	17.472727272727273	True	MKKLSSAILLVTLLVFIN
EBOALB_04310__group_2261	16.518181818181816	True	MKKNTLSAILMTLFLFIS
EBOALB_04575__erpM	18.41111111111111	True	MNKKILIIFAVFALIIS
EBOALB_04715__group_3232	18.371	True	MLKRLHCLLIALLLC
EBOALB_04730__group_2264	17.027272727272727	True	MKIINILFCLFLLMLNG
EBOALB_04815__group_1602	19.12222222222222	True	MNKKMKMFIICFIFALISS
EBOALB_04820__group_2265	17.13	True	MNKIMFIICAVFALISS
EBOALB_04910__group_2269	17.027272727272727	True	MKIINILFCLFLLLLNS
EBOALB_05025__group_2270	17.027272727272727	True	MKIINILFCLFLLMLNG
EBOALB_05110__group_2271	19.266666666666666	True	MNKKMKIFIICAVFALMIS
EBOALB_05265__group_2275	17.0	True	MKIVNILFCLFLLMLNG
EBOALB_05460__group_2276	17.027272727272727	True	MKIINILFCLFLLMLNG
EBOALB_05785__group_2281	11.381	True	MITQQDYIEIKKKLENTKTRIQFRNGNKIDSLGYQGSLGEPILLKDKLTFSI
EBOALB_06095__group_2283	15.872727272727273	True	MKYNIIASAFVFLFLNA
EBOALB_06190__group_2300	15.526	True	MKKFKNKCQHKLIVLVSTL
EBOALB_06195__group_2301	15.318181818181818	True	MKKISSAIFMVAFFAFIN
EBOALB_06200__group_2302	15.318181818181818	True	MKKISSAIFMVAFFAFIN
KBFCPJ_04430__Membrane-protein	16.518181818181816	True	MKKNTLSAILMTLFLFIS
KBFCPJ_04470__group_2307	16.763636363636365	True	MKIINILFCISLLLLNS
KBFCPJ_04980__group_2309	17.68888888888889	True	MNKKTFIICAVFALISS
KBFCPJ_05045__group_2586	18.371	True	MLKRLHCLLIALLLC
KBFCPJ_05260__group_1653	17.027272727272727	True	MKIINILFCLFLLMLNG
KBFCPJ_05650__group_2317	13.6	True	MRKILFFGLLSI
KBFCPJ_06255__group_2323	15.572727272727272	True	MKKISSAIIILTFVAFFS
KBFCPJ_06260__group_1659	15.572727272727272	True	MSMKKISSAIIILTFVAFFS
KBFCPJ_06265__group_2324	16.744444444444447	True	MKKLIKILLSSLFLLFSIS
KBFCPJ_06315__group_2334	16.933333333333334	True	MGNKIFYISVVLILIVG
KBFCPJ_06335__group_2338	17.73	True	MTIRRNMCILLLVAILFVS
KBFCPJ_06360__group_793	17.2375	True	MSKLILAISILLIIS
KBFCPJ_06430__group_2342	11.117666666666667	True	MGIIFLASSNFLLKSTLSLSFSKSSISTLDFTPSICPPFC
KBFCPJ_06525__group_1734	14.722222222222221	True	VNLINKLFILTILFSSVIS
KBFCPJ_06605__IS200/IS605-family-transposase	14.667857142857144	True	MSQKLNFNNHCVYSINYHLILVTKYRHKCINAKLSSSLCQIIINI
KBFCPJ_06860__Decorin-binding-protein-A	17.971666666666664	True	MIKCNNKTFNNLLKLTILVNLLIS
JKOCPB_04570__group_550	18.371	True	MLKRLHCLLIALLLC
JKOCPB_05560__group_2132	17.027272727272727	True	MKIINILFCLFLLMLNG
JKOCPB_05890__group_537	15.34	True	MRILVGVCIIALALLG
MBDBPK_04275__group_1576	15.591909090909091	True	MKKDIRILNIFLYIPLFYS
MBDBPK_04280__group_1061	16.11	True	MGTMSRFNLNFLFLLIILFG
MBDBPK_04290__group_536	15.34	True	MRILVGVCIIALALLG
MBDBPK_04465__group_2351	17.027272727272727	True	MKIINILFCLFLLMLNG
MBDBPK_04635__ORF17/2-9-9-lipoprotein	17.027272727272727	True	MKIINILFCLFLLMLNG
MBDBPK_04740__group_2354	17.8	True	MNKKTLIICAVFALIIS
MBDBPK_04745__group_2355	19.12222222222222	True	MNKKMKMFIICFIFALISS
MBDBPK_05590__group_1340	17.13	True	MNKIMFIICAVFALISS
MBDBPK_05845__group_3229	18.851	True	MLKRLHCLLIVLLLC
MBDBPK_06175__group_43	17.227272727272727	True	MKKISSAIFLGAIFVFVN
PNPFKP_06715__group_2356	17.027272727272727	True	MKIINILFCLFLLMLNG
PNPFKP_06765__group_2366	19.53333333333333	True	MNKKMKIFIICAVFVLISS
KKDEEG_04405__group_390	14.524000000000001	True	MYTKTTNNNPRNCYNKVQHKLIVLISTI
KKDEEG_07215__group_2583	18.371	True	MLKRLHCLLIALLLC
LCAGBB_05780__group_758	13.482	True	VLFPRMDLKGFGYVPQLFFIKPKNELITRTYNTN
LCAGBB_06940__group_2581	18.371	True	MLKRLHCLLIALLLC
LCAGBB_07000__group_2314	18.011111111111113	True	MNKKMFIICAIFALIVS
ECNPCP_05220__group_2359	17.68888888888889	True	MNKKTFIICAVFALIIS
ECNPCP_05275__group_2361	17.027272727272727	True	MKIINILFCLFLLMLNG
ECNPCP_06630__group_3250	18.371	True	MLKRLHCLLIALLLC
CMPENM_05070__group_2020	15.927272727272728	True	MIKGNMLILILVTTMLVS
CMPENM_05700__group_929	16.433333333333334	True	MKKNIYILNIFLYIPLFYS
CMPENM_05710__group_370	13.355846153846153	True	VIKSIKKNNEKKIILSGGIASGKTYLA
CMPENM_05800__group_2363	17.027272727272727	True	MKIINILFCLFLLMLNG
BNDKBC_04990__group_3241	18.851	True	MLKRLHCLLIVLLLC
AEPIPJ_05725__group_1958	17.77777777777778	True	MNKKTLIICSVFVLIIS
AEPIPJ_05730__group_1960	19.244444444444444	True	MNKKMKMFIVCAVFILIGA
AEPIPJ_05780__group_1962	17.027272727272727	True	MKIINILFCLFLLMLNG
AEPIPJ_05990__group_2364	17.027272727272727	True	MKIINILFCLFLLMLNG
AEPIPJ_06060__group_2587	18.371	True	MLKRLHCLLIALLLC
FLFPPO_03360__group_2370	15.961230769230768	True	MKNNISDVFFKYNAMIYKFLNSKKEHMIRVLLGVLSASFLFSI
FLFPPO_04865__group_919	17.463636363636365	True	MKKITSLVFILPLFVLIT
FLFPPO_04895__group_1138	15.009090909090908	True	MKKSFLSIYMLISISLLS
FLFPPO_04900__group_920	17.463636363636365	True	MKKITSLVFILPLFVLIT
FLFPPO_05650__group_2378	17.027272727272727	True	MKIINILFCLFLLMLNG
FLFPPO_05765__group_930	16.433333333333334	True	MKKNIYILNIFLYIPLFYS
FLFPPO_05970__group_2380	18.977777777777778	True	MNKKMKMFIICAVFALIIS
FLFPPO_06020__group_2382	16.418181818181818	True	MKIINILFYISLLLLNS
FLFPPO_06290__Outer-surface-protein-C	16.518181818181816	True	MKKNTLSAILMTLFLFIS
FLFPPO_06490__group_2393	14.530000000000001	True	MEKVEKFKNKCQNKLQHKLIVLVSTL
IGONDL_05930__group_2396	11.381	True	MITQQDYTEIKKKLENTKTRIQFRNGNKIDSLGYQGSLGEPILLKDKLTFSI
HOFFII_05135__group_2401	17.118181818181817	True	MKIINILFCLLLLVLNS
HOFFII_05385__group_2404	17.027272727272727	True	MKIINILFCLFLLMLNG
HOFFII_05615__group_2405	17.027272727272727	True	MKIINILFCLFLLMLNG
HOFFII_05760__group_2406	17.027272727272727	True	MKIINILFCLFLLLLNG
HOFFII_05810__Complement-regulator-acquiring-surface-protein-3	19.244444444444444	True	MNKKMKMFIVCAVFILIGA
HOFFII_06020__group_2409	17.027272727272727	True	MKIINILFCLFLLMLNG
HOFFII_06030__group_3239	18.371	True	MLKRLHCLLIALLLC
HOFFII_06545__Major-outer-surface-protein-C	16.518181818181816	True	MKKNTLSAILMTLFLFIS
HOFFII_06595__group_2416	18.422222222222224	True	MKKKFNFIFSVIIFLFS
HOFFII_06985__group_1671	17.027272727272727	True	MKIINILFCLFLLLLNS
HOFFII_07040__group_2418	19.08888888888889	True	MNKKMKMLIICAVFALMIS
BHFKJP_07360__group_2434	10.436333333333334	True	LSLAPLNSSNNFPNPSSSDSSSNSPQVVRIELFPSTKSSYIGPVTLSISS
EBACPA_05520__group_1021	18.3	True	MKNKNIVKLFFASMLFIMA
HAALMC_06775__group_1342	17.13	True	MNKIMFIICAVFALISS
GPOFAP_04520__group_1313	14.0	True	MTRKMFVVYAILTLTS
KGIAJM_04600__group_1583	17.29090909090909	True	MKKITSLVFIMPLFVLIA
ECDEAP_04970__group_1915	15.423529411764706	True	MRNISNCIKYIILTMLIGLLIFC
ECDEAP_06365__group_2436	17.027272727272727	True	MKIINILFCLFLLMLNG
ECDEAP_06525__group_2441	18.96666666666667	True	MNKKMKMFIICTVFVLIIS
GCLKFE_04705__group_2446	11.607	True	MDSNFKIPLGSCIPIAWAPSKLNIAYIQAMAVTEQIAQSILPLTFN
GCLKFE_05405__group_2449	15.591909090909091	True	MKKDIRILNIFLYIPLFYS
GCLKFE_05585__group_1140	15.009090909090908	True	MKKSFLSIYMLISISLLS
GCLKFE_05600__group_1141	15.009090909090908	True	MKKSFLSIYMLISISLLS
GCLKFE_05895__group_2242	18.977777777777778	True	MNKKMKMFIICAVFALMIS
GCLKFE_06075__group_560	18.851	True	MLKKLHCLLIVLLLC
GCLKFE_06095__group_2455	14.8935	True	MLYFFFIASKNASLASFTLRILAKGGAISYCSQAFSRFDKILESLKALASACLSA
GCLKFE_06100__group_2456	15.8925	True	MLYFFFIASKNASLASFTLRTLAKGGAISYCSQAFSRFVKILESLKALASACLSA
IKHOEC_04445__group_1584	17.29090909090909	True	MKKITSLVFIMPLFVLIA
JLNNBJ_05735__group_555	18.851	True	MLKRLHCLLIVLLLC
FOOKID_05250__group_795	17.2375	True	MSKLILAISILLIIS
JKDFDB_05315__group_641	16.90909090909091	True	MKKISSAILLTTFFVFIN
JKDFDB_05320__group_1641	16.90909090909091	True	MKKISSAILLTTFFVFIN
JKDFDB_05325__group_1642	16.90909090909091	True	MKKISSAILLTTFFVFIN
CFHKPG_06065__group_2115	17.027272727272727	True	MKIINILFCLFLLMLNG
PCFIDF_04770__group_2460	17.027272727272727	True	MKIINILFCLFLLMLNG
PCFIDF_04930__erpL	18.977777777777778	True	MNKKMKMFIICAVFALMIS
CEMKAM_05090__group_551	18.851	True	MLKRLHCLLIVLLLC
CEMKAM_05975__group_2470	17.227272727272727	True	MKKISSAIFLGAIFVFVN
FMOGGM_04395__Mammal-specific-outer-surface-protein-C	16.518181818181816	True	MKKNTLSAILMTLFLFIS
FMOGGM_04475__group_2472	17.027272727272727	True	MKIINILFCLFLLMLNG
FMOGGM_04485__group_3236	18.371	True	MLKRLHCLLIALLLC
FMOGGM_04740__Mlp-lipofamily-protein	17.027272727272727	True	MKIINILFCLFLLMLNG
FMOGGM_05135__group_2476	17.027272727272727	True	MKIINILFCLFLLMLNG
FMOGGM_06040__group_2478	17.227272727272727	True	MKKISSAIFLGAIFVFVN
JOOONJ_04350__group_2483	16.518181818181816	True	MKKNTLSAILMTLFLFIS
JOOONJ_04420__group_2484	17.027272727272727	True	MKIINILFCLFLLMLNG
JOOONJ_04430__group_559	18.371	True	MLKRLHCLLIALLLC
JOOONJ_04520__group_2485	17.8	True	MNKKTLIICAVFALIIS
JOOONJ_04525__group_2486	19.244444444444444	True	MNKKMKMFIVCAVFILIGA
JOOONJ_04745__group_544	18.371	True	MLKRLHCLLIALLLC
JOOONJ_06260__group_2487	15.318181818181818	True	MKKISSAIFMVAFFAFIN
JOOONJ_06265__group_2488	15.318181818181818	True	MKKISSAIFMVAFFAFIN
