CKDGNL_00045__group_1348	16.05625	True	LQILVFIKLSRNIVKKYIKTIFLISMVYFYC
CKDGNL_00080__group_1627	17.416666666666664	True	MLKTLTKIITISCLIVG
CKDGNL_00125__group_3474	15.87142857142857	True	MNTKTLYLISLILLA
CKDGNL_00200__group_3819	17.642857142857142	True	MKFVLNNLFKGCLICFFLFFS
CKDGNL_00205__pnp	11.391363636363636	True	LRKILKLKIGRDELVFETGFMAKQANGSVLATYGGSSVLATVC
CKDGNL_00215__truB	11.196	True	LENGFLLINKEQGKTSFETLFPIKKYFNTNRVGHAGTLDKFASGILV
CKDGNL_00240__comFC	11.739	True	MSYLNVLKSIFLPFCVF
CKDGNL_00325__nadD	15.033941176470588	True	VRIAILGGTYNPVHIGHIFLAKEIEYLLNIDRVIFIPT
CKDGNL_00330__obgE	9.74	True	LYNFKDSVNITVVSGNGGSG
CKDGNL_00355__DUF2147-domain-containing-protein	13.02	True	MTRVFSKFFLFF
CKDGNL_00400__pdxK	11.981	True	MKRILAMHDISSMGRTSLTICIPVISSFNMQV
CKDGNL_00450__group_3984	15.614384615384616	True	MGLYLKLLRQSINLKSLFPLSVLFFS
CKDGNL_00480__gldG	12.822181818181818	True	MKNKENEVLNLTLNLTIIFLIF
CKDGNL_00500__group_3231	12.1	True	LKIFILKNTIYLLINLI
CKDGNL_00545__mnmC	10.747333333333334	True	MKKPIFKENTIYSSKFDDIYYNPKQGIEESFYTFIKGCNLDLELKTKKNILIAELGFGTGLNFI
CKDGNL_00600__CoA-disulfide-reductase	14.122	True	MKIIIIGGTSAGTSAAAKANRLNKKLDITIYEKTNIVSFGT
CKDGNL_00795__ykwD	16.25	True	MKKLIIIFTLFLSQA
CKDGNL_00845__group_3622	14.959	True	MLLKLKYRFVGFLLLFLIFILLLFSTIFNFVL
CKDGNL_00910__Flagellar-filament-outsheath-protein	15.961230769230768	True	MKNNISDIFFKYNVVIYKFLNSKKEHMIRVLLGSLAVSFLFSI
CKDGNL_00925__group_3842	12.573608695652174	True	MLHNTMLIARIMNINTLFYGMIIIIFALIS
CKDGNL_00940__DZANK-type-domain-containing-protein	9.441111111111113	True	LAKVNFEVFCEQCGEKVGLNRSVCPNCAAKLGDIECPNCRHVGPVPAFGEGCPN
CKDGNL_00965__psgB	11.086333333333332	True	MRVDLLPLVELSLYINLSFC
CKDGNL_00985__secD	18.057142857142857	True	MKKGSKLILILLVTFFA
CKDGNL_01050__potD	15.075	True	MKKIFILIVILTTFA
CKDGNL_01095__group_4167	12.485	True	MNLQKYLFLTALLLISTSVFAQTNTIAKENVIPNGNLSQFGVEEICPICGYVN
CKDGNL_01110__Lipoprotein,-putative	15.92	True	MRKCFVSLSLLLIFFA
CKDGNL_01155__bglX	15.1375	True	MKRNFYLIVLFIANN
CKDGNL_01200__clpX	11.814	True	MARIKGQKVKECSFCGLSVAELGGNVVISNGVAI
CKDGNL_01245__cheD	13.26137037037037	True	MLNHFNFKLKRDVTIIVPGEAFVSNKRVISTILGS
CKDGNL_01250__dacC	15.199	True	MNSIYVIGKLLLTLFLIFFPF
CKDGNL_01300__rnfE	13.114809523809525	True	MQKKTFYNTEKYLKSHLMLFPIFAYTKNFLDANIASVWISI
CKDGNL_01340__metG	11.41608695652174	True	MKKMNLVTAALPYVNNIPHLGNLVQVLSADAFARYSKMSGIETLYV
CKDGNL_01515__group_3938	15.585714285714285	True	MNKTKNLSLTYFIILS
CKDGNL_01570__tadD	13.787714285714285	True	LDNLNSINSIKDLSKFFMYKLLFIIVFVLS
CKDGNL_01610__pqqL	14.714384615384615	True	MNYQRIKNYCKFTSVFLFFLFS
CKDGNL_01850__rplV	15.062000000000001	True	MLVNRRYTAKGKNLPSSPKKVRPIADNIRGESYIKAIAVL
CKDGNL_01885__tuf	10.401	True	MAKEVFQRTKPHMNVGTIGHVDHGKTTLTAAISIY
CKDGNL_01890__group_4154	19.883333333333333	True	MMKAQKFKLKLLPILVISGILIVFMS
CKDGNL_01940__group_3432	18.34	True	MKILRLCLLFLFFA
CKDGNL_01975__group_3691	17.02	True	VKTRIIIFLSILSILS
CKDGNL_01995__Fibronectin-type-III-domain-containing-protein	13.6	True	MRLILMLLLSFL
CKDGNL_02000__uvrC	8.520666666666667	True	MKENLTNLFEKVIKLPTTSG
CKDGNL_02005__group_3799	15.428571428571429	True	MKQKLSWILLFCFLS
CKDGNL_02060__fbaA	10.569923076923077	True	MGVLDKIKPGVVYGKELHFLYEICKKEGFAIPSIN
CKDGNL_02105__gyrB	12.420461538461538	True	MNYVASNIQVLKGLEAVRKRPGMYIGSVSINGLHHLVYEVVDNSIDEALAGF
CKDGNL_02185__group_1387	14.620000000000001	True	MKKANFLSINFLILLLV
CKDGNL_02230__Endonuclease	12.566666666666666	True	MKKRSKFFLYCYIL
CKDGNL_02290__group_1695	18.7	True	MNLLVKIAKFILILFLFTS
CKDGNL_02360__bmpD	17.4125	True	MLKKVYYFLIFLFIVA
CKDGNL_02365__bmpC	17.5875	True	LFKRFIFITLSLLVFA
CKDGNL_02375__bmpB	17.425	True	MRIVIFIFGILLTS
CKDGNL_02460__p22	16.765666666666668	True	MYKNGFFKNYLSLFLIFLVIA
CKDGNL_02480__group_1702	11.86	True	LIIIPVASGKGGVGKSLFSTNIAI
CKDGNL_02515__Permease	13.2645	True	MKREIYAFLSNFIIFM
CKDGNL_02520__group_3308	14.50909090909091	True	MRIKNLILIAILLISPS
CKDGNL_02600__P26	12.759142857142857	True	MKERCLYLLVFVAL
CKDGNL_02620__dppB	16.64	True	MLKFTLKKILGIIPTLLVIIFL
CKDGNL_02625__group_3386	20.03333333333333	True	MSFNKTKKIGKKIKIVTLLMLAVSLIA
CKDGNL_02630__group_1715	16.62222222222222	True	MKLQKLLFLIIFFLTFLC
CKDGNL_02635__group_2140	16.448999999999998	True	MKYIKIALMLIIFSLIA
CKDGNL_02655__bamD	17.700000000000003	True	MKKLILLNLIFIS
CKDGNL_02660__xkdP	16.43	True	MNIKNKLISLLIVVAISFIA
CKDGNL_02680__nupP	12.309090909090909	True	MNFFRNSFMALIFSFSILSISYFFGDFFQFSYIKMISWRFILFLIMATGIAT
CKDGNL_02690__group_2141	13.772727272727273	True	MRKITIMILFYGLIINV
CKDGNL_02735__ftsL	11.629272727272728	True	MNSISKIEFKVYCILVLILTVIL
CKDGNL_02770__TPR-repeat-containing-protein-BB_0298	16.744444444444444	True	MKILWLIILVNLFLS
CKDGNL_02920__hfq	10.807882352941176	True	MFISRELKYILLTSVSALFISAVLGLF
CKDGNL_02965__mltE	11.59088888888889	True	MIKIELRDMKKINMFNRSSCVLQNFLFLFLFLSLVS
CKDGNL_03090__group_2146	10.701	True	MRDLFFNNVKLISLFVFNVVI
CKDGNL_03125__DUF3298-domain-containing-protein	15.207692307692309	True	MLNPRTIKTTFMLISTLMIFNG
CKDGNL_03140__group_1091	16.66463636363636	True	MPGRKDLFFLILFLSFSIIIS
CKDGNL_03185__pstS	17.518181818181816	True	MKKVIILIFMLSTSLLYN
CKDGNL_03195__group_3802	16.242857142857144	True	MQSGLKIKLILFFCCFACS
CKDGNL_03315__group_2149	16.633333333333333	True	MSGPKKLAIIALLVISIQG
CKDGNL_03420__tPR	14.061538461538461	True	VGRNFLAILYSCFLFLGFLS
CKDGNL_03485__group_1408	16.915	True	MVFRTYKHLELIMLPMLMLS
CKDGNL_03500__group_3075	14.921	True	MKKHYKALILSLLFAIIS
CKDGNL_03545__proX	17.474	True	MYKLFLFFIIFMFLS
CKDGNL_03560__acrA	17.841857142857144	True	MNLIFNINLYLKKYFLVLFLVLVA
CKDGNL_03620__cmk	15.726333333333333	True	MIIAIDGPSASGKSSIARELGVRLNYKFISSGHLYRIITLIAQRSLMNS
CKDGNL_03670__rseP	8.793526315789475	True	MYILFSVLALSFIIFIHELGHFLFAKLFKVKVEVFSVGIGPSILKFKINNTEYRLSPILLGGY
CKDGNL_03680__ptsG2	17.16	True	MINFIKIINFSSLQKFSKALRVPISILPVS
CKDGNL_03880__PEGA-domain-containing-protein	11.09290909090909	True	MEKLKLKLAIPLLVFTI
CKDGNL_03955__ybeY	9.255090909090908	True	LSKSDLNLLVENIKFEHLNVFYDFVVSVLNALSISDFELSVIL
CKDGNL_04030__smc	11.839333333333332	True	LVLKKIVLLGFKSFLNRQEFEIGENLSFIVGPNG
CKDGNL_04060__Uncharacterized-protein-BB_0038	14.053	True	MTKVLVVSAIALLNKDKELIPFYKFLFLFFFFTLLA
CKDGNL_04065__plsC	15.385714285714286	True	MIIVFMKILRSIITYFNVLLFFLILIFFLFPFYLV
CKDGNL_04080__group_4009	13.82	True	MNKLLIFVLATF
CKDGNL_04110__bamB	14.658142857142856	True	MKQKYENYFKKRLILNLLIFLLLA
CKDGNL_04135__ruvA	10.556217391304347	True	MINKIHGKVIEKKESSLVLMTTVFEFELLVSAF
CKDGNL_04245__Uncharacterized-protein-BB_0001	12.0	True	MKYSAILLICSVNLF
CKDGNL_04265__group_1421	15.18	True	LTKNKLNIIATILTLIGTS
CKDGNL_04275__group_1194	16.623	True	MLHLIFFKKREVNSSLFFFAYNLNPNKSKLKHNNKFNLITTNLNTTKLSIIVATLTLICIS
CKDGNL_04280__Surface-protein	17.259999999999998	True	LKKAKLNIIKINIITMILTLICIS
CKDGNL_04285__group_1425	16.44	True	LTKAKLNIIKLNIIAMILTLICTS
CKDGNL_04295__group_3773	15.23	True	LNKIKLSILITLGITTFFS
CKDGNL_04300__complement-regulator-acquiring-protein	18.151	True	LKNNKLIAIFLLHVLTVLILIS
CKDGNL_04305__Lp6-6-family-lipoprotein	16.28	True	MTKLMYAIFLSAILFVA
CKDGNL_04320__Conserved-domain-protein	17.75	True	MVKKIIFISFSIFIVS
CKDGNL_04325__group_1763	16.46666666666667	True	LNGKLRKALKIAIFTTLLLVIS
CKDGNL_04340__Bbs27-protein	13.566666666666666	True	VRKVCTIFILFF
CKDGNL_04430__Outer-surface-protein	15.1625	True	MQRISILLMLLAVFS
CKDGNL_04435__group_3302	16.675	True	MIIKKRGLLILGIATVIS
CKDGNL_04440__group_1432	14.911111111111111	True	MKRYIYVYIISVAVIS
CKDGNL_04445__group_3661	14.766666666666667	True	MRITGLLFFLICLLS
CKDGNL_04465__group_2160	18.959	True	MNKYQKTFKIFNFKNLLKLSLLVALIS
CKDGNL_04500__ospB	14.855555555555556	True	MRLLIGFALALALIG
CKDGNL_04505__ospA	15.455555555555556	True	MKKYLLGIGLILALIA
CKDGNL_04510__Outer-membrane-lipoprotein-BBA14	15.290909090909091	True	LQIKNFPFLFLLNSLIIFS
CKDGNL_04545__BBA07-family-lipoprotein	16.9875	True	MKNILLFVILLFFS
CKDGNL_04550__Antigen,-S1	16.8	True	MNKIGIAFIISFLLFVN
CKDGNL_04555__group_3963	18.32857142857143	True	LKRVIVSFVVLILG
CKDGNL_04560__Putative-outer-membrane-protein-BBA03	18.322222222222223	True	LKKTIIVFIILAFMLN
CKDGNL_04585__group_976	17.2375	True	MSKLILAISILLIIS
CKDGNL_04630__group_3357	16.922222222222224	True	LKKYIINLSLCLLLLS
CKDGNL_04670__fibronectin-binding-protein	17.2625	True	MKKVKSKYLALGLLFGFIS
CKDGNL_04715__group_679	12.666777777777778	True	MILYYNNTLFLHKVSTMNLMIKVLIFSLFLSFIS
CKDGNL_04725__group_1211	14.136363636363637	True	MNLIAKLFILSTLVSIPNILS
CKDGNL_04735__Immunogenic-protein-P37,-putative	14.722222222222221	True	VNLINKLFILTILFSSVIS
CKDGNL_04750__group_1220	14.066666666666666	True	MNLIIKVMLISSLFSSFIS
CKDGNL_04760__Protein-p23	16.433333333333334	True	MKKNIYILNIFLYIPLFYS
CKDGNL_04765__group_872	15.34	True	MRILVGVCIIALALLG
CKDGNL_04785__group_1442	17.957142857142856	True	MNKLLIFIILLVFS
CKDGNL_04805__Borrelia-ORF-A	15.616	True	MHKIKTTNNNPRNCYNKVQHKLIVLISTI
CKDGNL_04835__Virulent-strain-associated-lipoprotein	16.8275	True	MKYHIITTIFVFLFLA
CKDGNL_04860__Transporter,-major-facilitator-family	13.533000000000001	True	MIESKHQKYYFYSLFLSELARTLPHAVLTIILINKGLSLKDIAMVQI
CKDGNL_04865__group_796	17.096	True	MKCHIIATIFVFLFLA
CKDGNL_04870__Borrelia-burgdorferi-virulent-strain-associated-lipoprotein	16.136363636363637	True	MKNNIILCMCVFLLLNS
CKDGNL_04880__Borrelia-virulent-strain-associated-lipoprotein	17.801000000000002	True	MKHYIIVHIFVFLFLNA
CKDGNL_04885__group_1237	16.15	True	LKNFKLNTIKLNVITAILTLICIS
CKDGNL_04890__Surface-antigen	15.690000000000001	True	LKNFKLNIIKLNVITAILTSICIS
CKDGNL_04910__P12-family-lipoprotein	13.39090909090909	True	MRKSLFLYALLMGGLMS
CKDGNL_04945__group_2175	16.055555555555557	True	MLKLANYLLIALLLLC
CKDGNL_04995__group_2185	17.977777777777778	True	MNKKMFIICAVFALIIS
CKDGNL_05110__Uncharacterized-membrane-protein-BB_D15	16.564285714285713	True	MNRKFVISLLFIILTFLLILG
CKDGNL_05130__Uncharacterized-lipoprotein-BBD10	17.016666666666666	True	MNSKFILKYFIWVFFLVS
CKDGNL_05205__group_3808	17.016666666666666	True	MNSKFILKYFIWVFFLVS
CKDGNL_05225__group_997	16.564285714285713	True	MNRKFVISLLFIILTFLLILG
CKDGNL_05250__group_2207	15.61	True	MRILVGVCIIILALLG
CKDGNL_05265__group_2210	17.334444444444443	True	MKIKNTYHKMVFLTLLIFISA
CKDGNL_05335__group_2224	14.71	True	MRILVGVYIITLALFA
CKDGNL_05380__group_2233	16.736363636363635	True	MKKNTLSVILMTLFLFIS
CKDGNL_05385__group_2234	13.525875	True	MNQSKETLLFQFKNNTIDYKKEVIAGITTFLSMAYIIAVNPAILSSTGMPIGALVTAT
CKDGNL_05390__nCS2	15.34475	True	MGKYVKGLFFQFKNSDINYKKEILAGITTFLSMSYIIAVNPAILSNTGMPIGALVTAT
CKDGNL_05395__group_2235	11.687666666666667	True	MHLKTKFYKKTYILWTFLKIFKKYLLLFYLLFLTLS
CKDGNL_05410__group_1454	17.95	True	MKKFLISVCFLLFYG
CKDGNL_05460__group_1247	18.177777777777777	True	MKKKFNFIFPFIIFLFS
CKDGNL_05465__group_1821	16.765666666666668	True	MKYLKNISLFLLILG
CKDGNL_05490__Oligopeptide-permease-like-protein	18.479	True	MILYQNQLKFLKLLVFFLLIS
CKDGNL_05495__oppA	19.95	True	MKILIKKLKVVLFLNLILLIS
CKDGNL_05505__guaA	13.402000000000001	True	MMNAKTILILDFGSQYSQLIARRIREIGVYTKVIPY
CKDGNL_05555__mlpJ	17.118181818181817	True	MKIINILFCLLLLVLNS
CKDGNL_05560__group_1824	17.027272727272727	True	MKIINILFCLFLLILNS
CKDGNL_05565__Rev	18.3	True	MKNKNIVKLFFASMLFIMA
CKDGNL_05570__group_428	18.851	True	MLKRLHCLLIVLLLC
CKDGNL_05690__group_2241	16.933333333333334	True	MGNKIFYISVVLILIVG
CKDGNL_05740__group_2250	16.29090909090909	True	MKYYAIISIFVCLFLTA
CKDGNL_05775__group_1826	19.41111111111111	True	MNKKIKIFIICTVVVLISS
CKDGNL_05885__group_437	18.371	True	MLKRLHCLLIALLLC
CKDGNL_05895__mlpI	17.027272727272727	True	MKIINILFCLFLLMLNS
CKDGNL_05960__tnpA	14.516	True	MSHKLTFNNHCVYSINYHLILVTKYRHKCINAELSSSLYQIILNI
CKDGNL_06070__erpP	19.244444444444444	True	MNKKMKMFIVCAVFILIGA
CKDGNL_06075__erpQ	17.8	True	MNKKTLIICAVFALIIS
CKDGNL_06150__group_2287	18.272727272727273	True	MQKAKTKINFLGIFWLLLVFLS
CKDGNL_06160__group_1466	16.81818181818182	True	MTKKPMFAMSIILMTIILN
CKDGNL_06165__erpK	18.011111111111113	True	MNKKMFIICAIFALMIS
CKDGNL_06185__group_2290	17.311	True	MRKNLFLHIILILGLTS
CKDGNL_06195__group_2291	10.382	True	MITQSDYIEIKKRLQNIKTRIQFRNADKIDSLGYEGSIGEPILLKDKLTFSV
CKDGNL_06215__group_2294	18.41111111111111	True	MNKKILIIFAVFALIIS
CKDGNL_06235__group_2297	10.382	True	MITQSDYIEIKKRLQNIKTRIQFRNADKIDSQGYEGSIGEPILLKDKLAFSV
CKDGNL_06245__group_2298	18.977777777777778	True	MNKKMKMFIICAVFALMIS
CKDGNL_06250__group_1842	16.763636363636365	True	MKIINILFCISLLLLNS
CKDGNL_06260__group_436	18.851	True	MLKRLHCLLIVLLLC
CKDGNL_06310__group_2305	14.661538461538461	True	MRNKNIFKLFFASMLFVMA
CKDGNL_06360__Mlp-family-lipoprotein	17.027272727272727	True	MKIINILFCLFLLILNS
CKDGNL_06415__group_419	18.371	True	MLKRLHCLLIALLLC
AIHAAB_02005__group_2312	16.448999999999998	True	MKYIKIALMLIIFSLIA
AIHAAB_04470__group_2314	17.971666666666664	True	MIKCNNKTFNNLLKLTILVNLLIS
AIHAAB_04585__Blasticidin-S-acetyltransferase	17.51222222222222	True	MKYHIIVSIFIFLFLNA
AIHAAB_04635__group_1479	14.7	True	MGKILFFGLLLI
AIHAAB_04650__group_1487	14.464636363636362	True	MQKDIYISNIFLYIPLFYS
AIHAAB_04700__group_1482	14.7	True	MGKILFFGLLLI
AIHAAB_04750__group_1855	17.51222222222222	True	MKYHIIVSIFIFLFLNA
AIHAAB_04765__group_3203	16.933333333333334	True	VGNKIFYISVVLILIVG
AIHAAB_04800__Antigen,-P35,-putative	15.863636363636363	True	MKYNTIISIFVCLFLTA
AIHAAB_04815__group_1973	15.988888888888889	True	MKKKMFLYTLLTIGLMS
AIHAAB_04840__group_1974	15.988888888888889	True	MKKKMFLYTLLTIGLMS
AIHAAB_04855__group_3598	15.863636363636363	True	MKYNTIISIFVCLFLTA
AIHAAB_04890__group_3206	16.933333333333334	True	VGNKIFYISVVLILIVG
AIHAAB_04930__group_1878	18.272727272727273	True	MKNLKTKINFLGIFWLLLLFLS
AIHAAB_04945__group_1501	11.381	True	MITQQDYTEIKKKLENTKTRIQFRNGNKIDSLGYQGSLGEPILLKDKLTFSI
AIHAAB_05055__group_1889	13.163636363636364	True	MRKSLFLYTLLMGGLMS
AIHAAB_05075__group_1294	14.4665	True	MNQSKETLLFQFKNKTIDYKKEIIGGITTFLSMAYIIAVNPAILSSTGMPIGALVTAT
AIHAAB_05080__ospC	16.518181818181816	True	MKKNTLSAILMTLFLFIS
AIHAAB_05335__group_792	17.096	True	MKCHIIATIFVFLFLA
AIHAAB_05350__Borrelia-virulent-strain-associated-lipoprotein,-paralogous-family-60	17.801000000000002	True	MKHYIIVHIFVFLFLNA
AIHAAB_05430__group_2033	11.468666666666667	True	MREISCCFLLLTFSVV
AIHAAB_05460__group_1503	11.122769230769231	True	MDKFLTSNHPPIIIFTIGALCATVLI
AIHAAB_05465__group_2385	15.423529411764706	True	MRNISNCIKYIILTMLIGLLIFC
AIHAAB_05530__group_2390	15.423529411764706	True	MRNISNCIKYIILTMLIGLLIFC
AIHAAB_05535__group_1508	11.122769230769231	True	MDKFLTSNHPPIIIFTIGALCATVLI
AIHAAB_05550__group_996	16.564285714285713	True	MNRKFVISLLFIILTFLLILG
AIHAAB_05605__erpD	16.077777777777776	True	LKLLKIFMCAFLLLNLVN
AIHAAB_05620__group_2407	16.077777777777776	True	LKLLKIFMCAFLLLNLVN
AIHAAB_05640__CRASP-2	15.009090909090908	True	MKKSFLSIYMLISISLLS
AIHAAB_05710__group_867	16.433333333333334	True	MKKNIYILNIFLYIPLFYS
AIHAAB_05735__Bbk46-like	14.136363636363637	True	MNLIAKLFILSTLVSIPNILS
AIHAAB_05750__group_432	18.371	True	MLKRLHCLLIALLLC
AIHAAB_05760__mlpD	17.027272727272727	True	MKIINILFCLFLLMLNG
AIHAAB_05875__erpY	19.022222222222222	True	MNKKIKMFIICAIFMLISS
AIHAAB_05960__group_2422	16.75	True	MKKNICILNIFLYIPLFYS
AIHAAB_05970__group_2424	16.433333333333334	True	MKYYICVCVFLLLNA
AIHAAB_06000__group_752	16.508333333333333	True	MKRKSNICISLLVTILFVS
AIHAAB_06005__group_1296	15.6	True	MIKGNTFILILVTTMFVS
AIHAAB_06070__Erp-protein	17.77777777777778	True	MNKKTLIICSVFVLIIS
AIHAAB_06075__group_1929	19.244444444444444	True	MNKKMKMFIVCAVFILIGA
AIHAAB_06105__ospD	17.255555555555556	True	MKKLIKILLLSLFLLLSIS
AIHAAB_06110__erpX	19.53333333333333	True	MNKKMKIFIICAVFVLISS
AIHAAB_06140__Erp22-protein	16.96666666666667	True	MNQKAFIICAVFALIIS
AIHAAB_06145__erpC	19.12222222222222	True	MNKKMKMFIICFIFALISS
AIHAAB_06205__erpG	18.755555555555556	True	MNKKMKNLIICAVFVLIIS
AIHAAB_06325__mlpC	17.027272727272727	True	MKIINILFCLFLLMLNG
AIHAAB_06385__revA	18.3	True	MKNKNIVKLFFASMLFIMA
AIHAAB_06405__cdsA	17.957142857142856	True	MNKLLIFIILLVFS
AIHAAB_06415__group_1138	16.763636363636365	True	MKIINILFCISLLLLNS
APIDPD_02170__group_1104	17.53333333333333	True	MKKKKLSIYMIMLISLLS
APIDPD_04285__group_1140	13.058250000000001	True	LKKEKLNRIKLNIIAMILTLICTS
APIDPD_04465__dbpA	17.971666666666664	True	MIKCNNKTFNNLLKLTILVNLLIS
APIDPD_04575__group_935	15.2	True	MRILVGVCIIAALALLG
APIDPD_04580__group_863	16.433333333333334	True	MKKNIYILNIFLYIPLFYS
APIDPD_04600__Uncharacterized-lipoprotein-BBF20	17.192307692307693	True	MNKKFSISLLSTILAFLLVLG
APIDPD_04715__group_978	17.2375	True	MSKLILAISILLIIS
APIDPD_04730__group_638	17.2375	True	MSKLILAISILLIIS
APIDPD_04760__group_3361	16.922222222222224	True	LKKYIINLSLCLLLLS
APIDPD_04785__group_1118	17.2625	True	MKKVKSKYLALGLLFGFIS
APIDPD_04805__group_1914	17.192307692307693	True	MNKKFSISLLSTILAFLLVLG
APIDPD_04825__group_864	16.433333333333334	True	MKKNIYILNIFLYIPLFYS
APIDPD_04830__group_936	15.2	True	MRILVGVCIIAALALLG
APIDPD_04855__group_1955	16.011111111111113	True	VKYYIYVCVFLLLNA
APIDPD_04860__group_2460	17.956666666666667	True	MKIKNTYHNMVFLILLIFISA
APIDPD_04865__Multidrug-efflux-transporter-like-protein	12.441	True	LPHAVLTIILINKGLSLKDIAMVQI
APIDPD_04885__Hemolysin-accessory-protein	13.98	True	MTRKMFVVYAILALTSS
APIDPD_04975__group_1938	15.927272727272728	True	MIKGNMLILILVTTMLVS
APIDPD_04985__group_1960	16.518181818181816	True	MKKNTLSAILMTLFLFIS
APIDPD_05120__group_2474	14.64	True	MVKNLFLYILLIVGLMS
APIDPD_05140__group_1964	15.591909090909091	True	MKKDIRILNIFLYIPLFYS
APIDPD_05150__Glutamyl/glutaminyl-tRNA-synthetase	14.0	True	MTRKMFVVYAILTLTS
APIDPD_05160__group_625	17.29090909090909	True	MKKITSLVFIMPLFVLIA
APIDPD_05165__group_626	17.29090909090909	True	MKKITSLVFIMPLFVLIA
APIDPD_05175__group_1316	14.0	True	MTRKMFVVYAILTLTS
APIDPD_05185__group_1965	15.591909090909091	True	MKKDIRILNIFLYIPLFYS
APIDPD_05205__group_2475	14.64	True	MVKNLFLYILLIVGLMS
APIDPD_05245__group_2488	18.618181818181817	True	MQKFKTKISFIGIFWVLLLLLS
APIDPD_05260__group_1321	13.379	True	MITQQDYTEIKKKLKNTKTRIQFRNGNKIDSLGYQGSLGEPILLKDKLTFSI
APIDPD_05475__group_868	15.34	True	MRILVGVCIIALALLG
APIDPD_05525__group_2539	17.51222222222222	True	MKYHIIVSIFIFLFLNA
APIDPD_05715__group_1045	15.009090909090908	True	MKKSFLSIYMLISISLLS
APIDPD_05775__elpB2	17.68888888888889	True	MNKKTFIICAVFALISS
APIDPD_05780__Erp47-protein	19.244444444444444	True	MNKKMKMFIVCAVFILIGA
APIDPD_05815__group_255	14.524000000000001	True	MYTKTTNNNPRNCYNKVQHKLIVLISTI
APIDPD_05820__Antigen,-P35-like-protein	15.690000000000001	True	LKNSKLNIIKLNVITAILTSICIS
APIDPD_05825__Antigen,-P35	16.336363636363636	True	VKYNIIVSIFVFLFLNA
APIDPD_05985__Erp45-protein	18.266666666666666	True	MNKIMKIFIICAVFALINS
APIDPD_06055__group_2000	17.027272727272727	True	MKIINILFCLFLLMLNG
APIDPD_06065__group_423	18.851	True	MLKRLHCLLIVLLLC
APIDPD_06095__Erp51-protein	17.87777777777778	True	MNKKTIIICAVFALILS
APIDPD_06100__erpA	19.27777777777778	True	MNKKMKMFIICAVFILIGA
APIDPD_06135__Erp44-protein	18.977777777777778	True	MNKKMKMFIICAVFALIIS
APIDPD_06145__Erp43-protein	19.41111111111111	True	MNKKIKIFIICTVVVLISS
APIDPD_06255__group_66	12.482	True	LFFIKPKTELITRTYNTS
APIDPD_06260__BbK2-10	19.266666666666666	True	MNKKMKIFIICAVFALMIS
APIDPD_06300__mlp8	17.027272727272727	True	MKIINILFCLFLLMLNG
APIDPD_06330__Bbk2-11	18.977777777777778	True	MNKKMKMFIICAVFALMIS
APIDPD_06395__group_1136	18.3	True	MKNKNIVKLFFASMLFIMA
APIDPD_06420__group_2532	19.642857142857142	True	MKKKNIFKLFFVSMLFVMA
APIDPD_06425__mlp10	17.027272727272727	True	MKIINILFCLFLLLLNS
APIDPD_06440__mlp9	16.763636363636365	True	MKIINILFCISLLLLNS
APIDPD_06530__group_1585	16.763636363636365	True	MKIINILFCISLLMLNG
HCLMIK_04640__group_870	15.34	True	MRILVGVCIIALALLG
HCLMIK_04690__group_2542	17.45	True	MKYHIIVSIFIFLFFLNA
HCLMIK_04835__group_635	17.463636363636365	True	MKKITSLVFILPLFVLIT
HCLMIK_04840__group_1594	13.42	True	MSKFICFIFCVF
HCLMIK_04980__group_2544	16.518181818181816	True	MKKNTLSAILMTLFLFIS
HCLMIK_05265__group_1046	15.009090909090908	True	MKKSFLSIYMLISISLLS
HCLMIK_05335__group_790	17.096	True	MKCHIIATIFVFLFLA
HCLMIK_05530__group_1529	18.755555555555556	True	MNKKMKNLIICAVFVLIIS
HCLMIK_05750__group_433	18.371	True	MLKRLHCLLIALLLC
HCLMIK_05765__group_2012	17.118181818181817	True	MKIINILFCLLLLVLNS
HCLMIK_05815__group_1891	13.163636363636364	True	MRKSLFLYTLLMGGLMS
HCLMIK_05835__group_2552	17.027272727272727	True	MKIINILFCLFLLMLNG
HCLMIK_05955__group_2553	17.68888888888889	True	MNKKTFIICAVFALISS
HCLMIK_05975__group_258	14.524000000000001	True	MYTKTTNNNPRNCYNKVQHKLIVLISTI
HCLMIK_06080__group_2555	18.977777777777778	True	MNKKMKMFIICAVFALMIS
HCLMIK_06185__group_2556	18.977777777777778	True	MNKKMKMFIICAVFALMIS
HCLMIK_06190__group_2557	15.85	True	MNKKTMFVIFFISILC
HCLMIK_06280__ORF17/2-9-9-lipoprotein	17.027272727272727	True	MKIINILFCLFLLMLNG
HCLMIK_06300__group_2413	16.077777777777776	True	LKLLKIFMCAFLLLNLVN
HCLMIK_06350__group_1601	17.8	True	MNKKTLIICAVFALIIS
HCLMIK_06505__group_2562	17.027272727272727	True	MKIINILFCLFLLMLNG
DNBOAP_04760__group_1852	17.51222222222222	True	MKYHIIVSIFIFLFLNA
DNBOAP_05060__group_1978	15.988888888888889	True	MKKKMFLYTLLTIGLMS
DNBOAP_05075__group_3597	15.863636363636363	True	MKYNTIISIFVCLFLTA
DNBOAP_05110__group_3204	16.933333333333334	True	VGNKIFYISVVLILIVG
DNBOAP_05915__group_426	18.371	True	MLKRLHCLLIALLLC
DNBOAP_06260__group_1159	18.3	True	MQKINIAKLIFILIFSLFVIS
DNBOAP_06415__mlpG	17.027272727272727	True	MKIINILFCLFLLMLNG
DNBOAP_06535__group_944	17.957142857142856	True	MNKLLIFIILLVFS
DLCMNL_05665__group_1939	15.927272727272728	True	MIKGNMLILILVTTMLVS
DLCMNL_06190__group_1137	18.3	True	MKNKNIVKLFFASMLFIMA
DLCMNL_06400__Minor-spike-protein-H-(Modular-protein)	17.000999999999998	True	MLVLNLPFKALMFLTLMRPSLVLFLVLWLKLVKDFLKVRCRLALLPFLIS
GCGJFL_04685__group_1491	14.464636363636362	True	MQKDIYISNIFLYIPLFYS
GCGJFL_04700__group_1484	14.7	True	MGKILFFGLLLI
GCGJFL_04750__group_1856	17.51222222222222	True	MKYHIIVSIFIFLFLNA
GCGJFL_05865__Bbk50-like	14.066666666666666	True	MNLIIKVMLISSLFSSFIS
GCGJFL_05945__group_1528	18.755555555555556	True	MNKKMKNLIICAVFVLIIS
GCGJFL_06080__group_42	13.482	True	VLFPRMDLKGFGYIPQLFFIKPKNELITRTYNTS
GCGJFL_06125__group_1206	14.136363636363637	True	MNLIAKLFILSTLVSIPNILS
GCGJFL_06290__group_947	17.957142857142856	True	MNKLLIFIILLVFS
GCGJFL_06445__group_418	18.851	True	MLKRLHCLLIVLLLC
AMNIDF_04680__group_977	17.2375	True	MSKLILAISILLIIS
AMNIDF_04720__group_3359	16.922222222222224	True	LKKYIINLSLCLLLLS
AMNIDF_04745__group_1119	17.2625	True	MKKVKSKYLALGLLFGFIS
AMNIDF_04775__group_1915	17.192307692307693	True	MNKKFSISLLSTILAFLLVLG
AMNIDF_05110__group_631	17.29090909090909	True	MKKITSLVFIMPLFVLIA
AMNIDF_05120__group_1319	14.0	True	MTRKMFVVYAILTLTS
AMNIDF_05130__group_1966	15.591909090909091	True	MKKDIRILNIFLYIPLFYS
AMNIDF_05150__group_2476	14.64	True	MVKNLFLYILLIVGLMS
AMNIDF_06100__group_821	17.227272727272727	True	MKKISSAIFLGAIFVFVN
JODKDA_04500__group_2589	17.971666666666664	True	MIKCNNKTFNNLLKLTILVNLLIS
JODKDA_04680__group_871	15.34	True	MRILVGVCIIALALLG
JODKDA_04685__group_1480	14.7	True	MGKILFFGLLLI
JODKDA_04850__Erp27-protein	15.988888888888889	True	MNKKMFIICSIFVLTIS
JODKDA_04865__group_2038	10.069666666666667	True	MINVLNNKNNNPQDNINNGINGESKMICVSQQSFIG
JODKDA_05110__Arthropod-specific-outer-surface-protein-C	16.518181818181816	True	MKKNTLSAILMTLFLFIS
JODKDA_05485__group_2613	14.528	True	MEKIKKFKNNCQHKLIVLVSTL
JODKDA_05495__group_2615	11.313894736842105	True	LCLQYYTSLFKKLEFNAYEINAGYYKFIGLGYIKSNFFILNP
JODKDA_05500__group_2616	17.977777777777778	True	MNKKMFIICAVFALIIS
JODKDA_05600__Borrelia-ORF-A-superfamily-protein	15.525	True	MNSKTTNKTNRNCYNKVQHKLIVLISTI
JODKDA_05810__group_2633	15.8	True	LKLLKIFMCTFLLLNLVN
JODKDA_05880__ospE	17.488888888888887	True	MNKIMKNLIICAVFAMISS
JODKDA_05885__group_2634	17.16	True	MNKIMFIICAIFALIVS
JODKDA_05960__group_1054	16.96666666666667	True	MNQKAFIICAVFALIIS
JODKDA_05995__group_2086	16.763636363636365	True	MKIINILFCISLLLLNS
JODKDA_06005__group_2636	17.027272727272727	True	MKIINILFCLFLLMLNG
JODKDA_06010__group_2051	18.642857142857142	True	MKNKNIFKLFFVSMLFIMA
JODKDA_06015__Erp26-protein	18.355555555555554	True	MNKIIKILIICSVFVLISS
JODKDA_06100__group_2053	15.490909090909092	True	MKKISSAIFLVAFFAFIN
JODKDA_06115__group_2638	18.977777777777778	True	MNKKMKMFIICAVFALMIS
JODKDA_06150__group_1053	18.977777777777778	True	MNKKMKMFIICAVFALIIS
JODKDA_06155__group_2639	17.027272727272727	True	MKIINILFCLFLLLLNS
JODKDA_06250__group_1509	10.153538461538462	True	MDKFLTSNHPPKIIFTLKALCATVLI
ANPAAP_04460__group_2057	18.959	True	MNKYQKTFKIFNFKNLLKLSLLVALIS
ANPAAP_04675__group_2664	11.383	True	MITQEDYTEIKKKLEKTKTRIQFRNGNKIDSLGYQGSLGEPILLKDKLTFSI
ANPAAP_04880__group_2673	13.702	True	MREILFFGLLSI
ANPAAP_04925__group_2674	13.702	True	MREILFFGLLSI
ANPAAP_04975__group_1853	17.51222222222222	True	MKYHIIVSIFIFLFLNA
ANPAAP_05055__group_1221	14.066666666666666	True	MNLIIKVMLISSLFSSFIS
ANPAAP_05065__group_1212	14.136363636363637	True	MNLIAKLFILSTLVSIPNILS
ANPAAP_05070__group_685	12.666777777777778	True	MILYYNTTLFLHKVSTMNLMIKVLIFSLFLSFIS
ANPAAP_05095__group_3807	17.8	True	MNSKFILKYFILVFFLVS
ANPAAP_05145__group_1342	13.544444444444444	True	MKIYLYLFSGFLAMS
ANPAAP_05205__group_1504	11.122769230769231	True	MDKFLTSNHPPIIIFTIGALCATVLI
ANPAAP_05210__group_1343	13.544444444444444	True	MKIYLYLFSGFLAMS
ANPAAP_05220__group_753	16.508333333333333	True	MKRKSNICISLLVTILFVS
ANPAAP_05225__group_1297	15.6	True	MIKGNTFILILVTTMFVS
ANPAAP_05430__Major-outer-surface-protein-C	16.518181818181816	True	MKKNTLSAILMTLFLFIS
ANPAAP_05635__group_2684	14.935714285714287	True	MRLYFCTYIFYYLYKNFILKKYIINLSLCLLLLS
ANPAAP_05950__OspE-related-lipoprotein	17.944444444444443	True	MNKKMFIVCAVFALISS
ANPAAP_06120__group_2694	18.355555555555554	True	MNKIIKILIICSVFVLISS
ANPAAP_06155__group_2695	17.118181818181817	True	MKIINILLCLFLLMLNG
ANPAAP_06195__group_2696	17.027272727272727	True	MKIINILFCLFLLMLNS
ANPAAP_06255__Outer-surface-protein-E	18.822222222222223	True	MNKKMKMFIVYAVFILIGA
ANPAAP_06260__group_1052	18.011111111111113	True	MNKKMFIICAIFALIVS
ANPAAP_06280__Erp24-protein	18.41111111111111	True	MNKKILIIFAVFALIIS
ANPAAP_06290__group_2700	17.027272727272727	True	MKIINILFCLFLLMLNG
ANPAAP_06425__group_2076	17.027272727272727	True	MKIINILFCLFLLILNG
KCCBHE_05550__group_1314	14.0	True	MTRKMFVVYAILTLTS
KCCBHE_05890__group_323	17.227272727272727	True	MKKISSAIFLGAIFVFVN
KCCBHE_06225__group_2541	17.51222222222222	True	MKYHIIVSIFIFLFLNA
KCCBHE_06240__group_684	12.666777777777778	True	MILYYNNTLFLHKVSTMNLMIKVLIFSLFLSFIS
KCCBHE_06250__group_67	12.482	True	LFFIKPKTELITRTYNTS
KCCBHE_06400__group_2391	15.423529411764706	True	MRNISNCIKYIILTMLIGLLIFC
KCCBHE_06530__group_750	16.508333333333333	True	MKRKSNICISLLVTILFVS
AINDPC_01940__group_2717	11.739	True	MSYLNVLKSIFLPFCVF
AINDPC_02055__group_2718	15.87142857142857	True	MNTKTLYLISLILLA
AINDPC_04555__group_2721	16.518181818181816	True	MKKNTLSAILMTLFLFIS
AINDPC_04925__group_623	13.952666666666667	True	MAKTLNLNLGNFSHSFSYGFGYIFNNGISSIYHFSHHIVNFTYFIINRVYCAIIFFSSISILSFG
AINDPC_04940__group_2388	15.423529411764706	True	MRNISNCIKYIILTMLIGLLIFC
AINDPC_05065__group_1481	14.7	True	MGKILFFGLLLI
AINDPC_05695__group_1530	18.755555555555556	True	MNKKMKNLIICAVFVLIIS
AINDPC_05865__group_2730	17.027272727272727	True	MKIINILFCLFLLLLNS
NAHIGD_06475__group_421	18.371	True	MLKRLHCLLIALLLC
GMPCOK_00390__group_1402	11.604000000000001	True	MEFYSEEKIYRILYSKSLAFSGGTLKKFALYREMYIAKSFLI
GMPCOK_05440__p31	14.136363636363637	True	MNLIAKLFILSTLVSIPNILS
GMPCOK_05685__group_2742	17.027272727272727	True	MKIINILFCLFLLMLNG
GMPCOK_05760__group_2743	17.027272727272727	True	MKIINILFCLFLLMLNG
GMPCOK_06390__group_2747	12.720666666666666	True	LVLKLCLVSLNSFNSFPNPSSLSSSKSPQVLYIALFPSVKSSYTGPVILSITP
EFMOJC_00070__group_420	18.371	True	MLKRLHCLLIALLLC
EFMOJC_00835__group_2748	16.518181818181816	True	MKKNTLSAILMTLFLFIS
EFMOJC_01205__group_2762	15.526	True	MKKFKNKCQHKLIVLVSTL
EFMOJC_01315__group_994	16.564285714285713	True	MNRKFVISLLFIILTFLLILG
EFMOJC_01450__group_2768	15.872727272727273	True	MKYNIIASAFVFLFLNA
EFMOJC_01635__group_2774	19.266666666666666	True	MNKKMKIFIICAVFALMIS
EFMOJC_01755__group_2776	17.0	True	MKIVNILFCLFLLMLNG
EFMOJC_01765__group_430	18.371	True	MLKRLHCLLIALLLC
EFMOJC_01865__group_2779	17.027272727272727	True	MKIINILFCLFLLMLNG
EFMOJC_06200__group_2780	17.13	True	MNKIMFIICAVFALISS
EFMOJC_06205__group_2781	17.027272727272727	True	MKIINILFCLFLLLLNS
EFMOJC_06240__group_1612	18.41111111111111	True	MNKKILIIFAVFALIIS
KFEJKD_01935__group_1207	14.136363636363637	True	MNLIAKLFILSTLVSIPNILS
KFEJKD_03250__Membrane-protein	16.518181818181816	True	MKKNTLSAILMTLFLFIS
KFEJKD_03360__IS200/IS605-family-transposase	14.667857142857144	True	MSQKLNFNNHCVYSINYHLILVTKYRHKCINAKLSSSLCQIIINI
KFEJKD_03850__group_2795	16.933333333333334	True	MGNKIFYISVVLILIVG
KFEJKD_03970__Decorin-binding-protein-A	17.971666666666664	True	MIKCNNKTFNNLLKLTILVNLLIS
KFEJKD_04565__group_2805	16.744444444444447	True	MKKLIKILLSSLFLLFSIS
KFEJKD_05565__group_2817	13.6	True	MRKILFFGLLSI
KFEJKD_05890__group_2820	17.816666666666666	True	MLKLKISIAIALIVKSLLSRSLSKFLVYST
KFEJKD_05960__group_2821	16.90909090909091	True	MKKISSAILLTTFFVFIN
KFEJKD_05965__group_1332	16.90909090909091	True	MKKISSAILLTTFFVFIN
KFEJKD_06065__group_2823	17.027272727272727	True	MKIINILFCLFLLMLNG
KFEJKD_06195__group_434	18.371	True	MLKRLHCLLIALLLC
KFEJKD_06205__group_2827	17.027272727272727	True	MKIINILFCLFLLMLNG
KFEJKD_06385__group_1047	15.009090909090908	True	MKKSFLSIYMLISISLLS
KFEJKD_06450__group_77	12.982	True	MDLKGFGYVPQLFFIKPKTELIARTYNTS
KFEJKD_06605__group_3606	16.136363636363637	True	MKNNIILCMCVFLLLNS
KFEJKD_06695__group_1142	13.058250000000001	True	LKKEKLNRIKLNIIAMILTLICTS
KFEJKD_06865__group_4113	18.479	True	MILYQNQLKFLKLLVFFLLIS
KFEJKD_06880__group_78	13.482	True	VLFPRMDLKGFGYVPQLFFIKPKNELITRTYNTN
KFEJKD_06895__group_263	15.525	True	MNSKTTNKTTRNCYNKVQHKLIVLISTI
KFEJKD_06900__group_1762	17.259999999999998	True	LKKAKLNIIKINIITMILTLICIS
KFEJKD_06965__group_1427	13.29575	True	LKKEKLNIIKLNTIAMILTLICTS
KFEJKD_07055__group_424	18.371	True	MLKRLHCLLIALLLC
KFEJKD_07080__group_4114	18.479	True	MILYQNQLKFLKLLVFFLLIS
KFEJKD_07170__group_1393	11.03576923076923	True	MQKDLFQRALNFRILNTKEIFRSSKDSYETFKAYVNDYSGFVLSCW
KFEJKD_07200__group_3663	14.766666666666667	True	MRITGLLFFLICLLS
GDPOAI_02855__group_2841	12.257	True	MFVDNFLNKLKSIGVVLSDYSSKELYNRVIIASIVEREYRVKSEAPIMSSVFYNRIKSGMALQS
GDPOAI_04970__group_1611	17.488888888888887	True	MNKIMKNLIICAVFAMISS
GDPOAI_05865__group_2852	17.027272727272727	True	MKIINILFCLFLLMLNG
GDPOAI_06150__group_2856	14.757	True	MLVFNIFSFACKVRLKSFEIIWIGCFLSFGYSIFILFIFSGKLTVCSICIS
CGENMI_05570__group_1485	14.7	True	MGKILFFGLLLI
KLACFF_04685__group_1493	14.464636363636362	True	MQKDIYISNIFLYIPLFYS
KLACFF_05675__group_2386	15.423529411764706	True	MRNISNCIKYIILTMLIGLLIFC
KLACFF_05680__group_1505	11.122769230769231	True	MDKFLTSNHPPIIIFTIGALCATVLI
KLACFF_05805__group_2410	16.077777777777776	True	LKLLKIFMCAFLLLNLVN
KLACFF_06440__group_2869	17.027272727272727	True	MKIINILFCLFLLMLNG
KLACFF_06585__group_943	17.957142857142856	True	MNKLLIFIILLVFS
BOHBDJ_04685__group_1489	14.464636363636362	True	MQKDIYISNIFLYIPLFYS
BOHBDJ_04840__group_1975	15.988888888888889	True	MKKKMFLYTLLTIGLMS
BOHBDJ_04855__group_3596	15.863636363636363	True	MKYNTIISIFVCLFLTA
BOHBDJ_04890__group_3205	16.933333333333334	True	VGNKIFYISVVLILIVG
BOHBDJ_06385__group_56	13.482	True	VLFPRMDLKGFGYIPQLFFIKPKNELITRTYNTS
BOHBDJ_06395__group_952	17.957142857142856	True	MNKLLIFIILLVFS
BIKOAE_05050__group_634	17.29090909090909	True	MKKITSLVFIMPLFVLIA
BIKOAE_05060__group_1317	14.0	True	MTRKMFVVYAILTLTS
BIKOAE_05070__group_1967	15.591909090909091	True	MKKDIRILNIFLYIPLFYS
BIKOAE_06210__group_2876	17.027272727272727	True	MKIINILFCLFLLMLNG
BAPHAO_05550__group_2389	15.423529411764706	True	MRNISNCIKYIILTMLIGLLIFC
BAPHAO_05555__group_1507	11.122769230769231	True	MDKFLTSNHPPIIIFTIGALCATVLI
BAPHAO_05725__group_2409	16.077777777777776	True	LKLLKIFMCAFLLLNLVN
EGFPMN_04845__group_1976	15.988888888888889	True	MKKKMFLYTLLTIGLMS
EGFPMN_05800__group_2411	16.077777777777776	True	LKLLKIFMCAFLLLNLVN
JIDBHP_05830__group_2887	17.68888888888889	True	MNKKTFIICAVFALIIS
JIDBHP_06195__group_2543	17.51222222222222	True	MKYHIIVSIFIFLFLNA
OFFMIL_05960__group_80	13.982	True	VLFPRMDLKGFGYVPQLFFIKPKTELIARTYNTS
JHFDLE_01270__group_2893	15.961230769230768	True	MKNNISDVFFKYNAMIYKFLNSKKEHMIRVLLGVLSASFLFSI
JHFDLE_04500__group_1322	11.381	True	MITQQDYTEIKKKLENTKTRIQFRNGNKIDSLGYQGSLGEPILLKDKLTFSI
JHFDLE_04515__group_1879	18.272727272727273	True	MKNLKTKINFLGIFWLLLLFLS
JHFDLE_04565__group_4029	18.322222222222223	True	LKKTIIVFIILAFMLN
JHFDLE_04570__group_3964	18.32857142857143	True	LKRVIVSFVVLILG
JHFDLE_04575__group_3350	16.8	True	MNKIGIAFIISFLLFVN
JHFDLE_05005__group_938	15.2	True	MRILVGVCIIAALALLG
JHFDLE_05010__group_866	16.433333333333334	True	MKKNIYILNIFLYIPLFYS
JHFDLE_05040__group_3360	16.922222222222224	True	LKKYIINLSLCLLLLS
JHFDLE_05090__group_1116	17.2625	True	MKKVKSKYLALGLLFGFIS
JHFDLE_05105__group_1913	17.192307692307693	True	MNKKFSISLLSTILAFLLVLG
JHFDLE_05155__Outer-surface-protein-C	16.518181818181816	True	MKKNTLSAILMTLFLFIS
JHFDLE_05540__group_630	17.463636363636365	True	MKKITSLVFILPLFVLIT
JHFDLE_05780__group_2903	14.530000000000001	True	MEKVEKFKNKCQNKLQHKLIVLVSTL
JHFDLE_06150__group_2916	18.96666666666667	True	MNKKMKMFIICTVFVLIIS
JHFDLE_06200__group_2919	18.977777777777778	True	MNKKMKMFIICAVFALIIS
JHFDLE_06220__group_2920	16.418181818181818	True	MKIINILFYISLLLLNS
JHFDLE_06380__mlpA	17.027272727272727	True	MKIINILFCLFLLMLNG
AFNEPP_00305__group_1102	17.53333333333333	True	MKKKKLSIYMIMLISLLS
AFNEPP_00370__group_1628	17.416666666666664	True	MLKTLTKIITISCLIVG
AFNEPP_00415__group_3475	15.87142857142857	True	MNTKTLYLISLILLA
AFNEPP_00490__group_3820	17.642857142857142	True	MKFVLNNLFKGCLICFFLFFS
AFNEPP_00495__group_3420	11.391363636363636	True	LRKILKLKIGRDELVFETGFMAKQANGSVLATYGGSSVLATVC
AFNEPP_02050__group_3939	16.759999999999998	True	MNKTKNRSLTYFIILS
AFNEPP_02225__group_3371	11.41608695652174	True	MKKMNLVTAALPYVNNIPHLGNLVQVLSADAFARYSKMSGIETLYV
AFNEPP_02265__group_4166	13.243380952380953	True	MQKKTFYNTEKYLKSHLMLFPIFAYTKNFLDASIASVWISI
AFNEPP_02315__group_3190	15.199	True	MNSIYVIGKLLLTLFLIFFPF
AFNEPP_02320__group_3498	13.26137037037037	True	MLNHFNFKLKRDVTIIVPGEAFVSNKRVISTILGS
AFNEPP_02365__group_3726	11.814	True	MARVKGQKVKECSFCGLSVAELGGNVVISNGVAI
AFNEPP_02410__group_1668	15.1375	True	MKRNFYLIVLFIANN
AFNEPP_02455__group_3285	15.92	True	MRKCFVSLSLLLIFFA
AFNEPP_02470__group_4168	12.485	True	MNLQKYLFLTALLLISTSVFAQTNTIAKENVIPNGNLSQFGVEEICPICGYVN
AFNEPP_02515__group_3517	15.075	True	MKKIFILIVILTTFA
AFNEPP_02580__group_3406	18.057142857142857	True	MKKGSKLILILLVTFFA
AFNEPP_02600__group_3805	11.086333333333332	True	MRVDLLPLVELSLYINLSFC
AFNEPP_02625__group_4083	9.530000000000001	True	LAKVNFEVFCEQCGEKVGLNRSVCPNCAAKLGDIECPNCRHVGPVSAFGEGCPN
AFNEPP_02640__group_3843	12.573608695652174	True	MLHNTMLIARIMNINTLFYGMIIIIFALIS
AFNEPP_02655__group_1186	15.961230769230768	True	MKNNISDIFFKYNVVIYKFLNSKKEHMIRVLLGSLAVSFLFSI
AFNEPP_02720__group_3623	14.959	True	MLLKLKYRFVGFLLLFLIFILLLFSTIFNFVL
AFNEPP_02770__group_1182	16.25	True	MKKLIIIFTLFLSQA
AFNEPP_02965__cdr	14.122	True	MKIIIIGGTSAGTSAAAKANRLNKKLDITIYEKTNIVSFGT
AFNEPP_03020__group_4150	10.747333333333334	True	MKKPIFKENTIYSSKFDDIYYNPKQGIEESFYTFIKGCNLDLELKTKKNILIAELGFGTGLNFI
AFNEPP_03065__group_3232	12.1	True	LKIFILKNTIYLLINLI
AFNEPP_03085__group_3414	12.822181818181818	True	MKNKENEVLNLTLNLTIIFLIF
AFNEPP_03115__group_3985	15.614384615384616	True	MGLYLKLLRQSINLKSLFPLSVLFFS
AFNEPP_03165__group_3278	11.981	True	MKRILAMHDISSMGRTSLTICIPVISSFNMQV
AFNEPP_03210__group_4057	13.02	True	MTRVFSKFFLFF
AFNEPP_03235__group_3559	9.74	True	LYNFKDSVNITVVSGNGGSG
AFNEPP_03240__group_4106	15.033941176470588	True	VRIAILGGTYNPVHIGHIFLAKEIEYLLNIDRVIFIPT
AFNEPP_03325__group_3110	11.739	True	MSYLNVLKSIFLPFCVF
AFNEPP_05090__group_2932	11.381	True	MITQQDYTEIKKKLENTKTRIQFRNGNKIDSLGYQGSLGEPILLKDKLTFSI
AFNEPP_07885__group_2933	11.117666666666667	True	MGIIFLASSNFLLKSTLSLSFSKSSISTLDFTPSICPPFC
HCFOCN_04660__group_1488	15.464636363636362	True	MKKDIYISNIFLYIPLFYS
HCFOCN_04680__group_2675	13.702	True	MREILFFGLLSI
HCFOCN_04735__group_1854	17.51222222222222	True	MKYHIIVSIFIFLFLNA
HCFOCN_04875__group_2940	16.518181818181816	True	MKKNTLSAILMTLFLFIS
HCFOCN_04925__group_2941	18.422222222222224	True	MKKKFNFIFSVIIFLFS
HCFOCN_05065__MFS-transporter	13.533000000000001	True	MIESKHQKYYFYSLFLSELARTLPHAVLTIILINKGLSLKDIAMVQI
HCFOCN_05375__group_2951	13.42	True	MSKFICFIFCLF
HCFOCN_05470__group_998	16.564285714285713	True	MNRKFVISLLFIILTFLLILG
HCFOCN_05750__group_3207	16.933333333333334	True	VGNKIFYISVVLILIVG
HCFOCN_06005__group_2430	17.255555555555556	True	MKKLIKILLLSLFLLLSIS
HCFOCN_06080__group_2098	19.08888888888889	True	MNKKMKMLIICAVFALMIS
HCFOCN_06260__group_2964	18.977777777777778	True	MNKKMKMFIICAVFALIIS
HCFOCN_06295__group_2966	17.027272727272727	True	MKIINILFCLFLLMLNG
HCFOCN_06315__group_2967	17.118181818181817	True	MKIINILFCLLLLVLNS
HCFOCN_06430__group_427	18.371	True	MLKRLHCLLIALLLC
HCFOCN_06450__group_2970	17.027272727272727	True	MKIINILFCLFLLMLNG
EPICMG_04660__group_1977	15.988888888888889	True	MKKKMFLYTLLTIGLMS
EPICMG_05705__group_2408	16.077777777777776	True	LKLLKIFMCAFLLLNLVN
BLADBF_04705__group_1483	14.7	True	MGKILFFGLLLI
KKNGOI_04865__group_3599	15.863636363636363	True	MKYNTIISIFVCLFLTA
LIJDDG_06120__group_54	13.482	True	VLFPRMDLKGFGYIPQLFFIKPKNELITRTYNTS
CENHHB_04680__group_981	17.2375	True	MSKLILAISILLIIS
CENHHB_04690__group_640	17.2375	True	MSKLILAISILLIIS
CENHHB_04720__group_3362	16.922222222222224	True	LKKYIINLSLCLLLLS
CENHHB_04745__group_1121	17.2625	True	MKKVKSKYLALGLLFGFIS
GDCPBO_04685__group_979	17.2375	True	MSKLILAISILLIIS
HEGNPG_04580__group_1422	15.18	True	LTKNKLNIIATILTLIGTS
HEGNPG_04595__Putative-surface-protein	17.259999999999998	True	LKKAKLNIIKINIITMILTLICIS
HEGNPG_04600__group_1426	17.51	True	LKKAKLNIIKINIIAMILTLICTS
HEGNPG_04605__group_1141	13.058250000000001	True	LKKEKLNRIKLNIIAMILTLICTS
HEGNPG_04615__group_3774	15.23	True	LNKIKLSILITLGITTFFS
HEGNPG_04620__group_3817	18.151	True	LKNNKLIAIFLLHVLTVLILIS
HEGNPG_04625__group_3583	16.28	True	MTKLMYAIFLSAILFVA
HEGNPG_04640__group_1429	17.75	True	MVKKIIFISFSIFIVS
HEGNPG_04645__group_1764	16.46666666666667	True	LNGKLRKALKIAIFTTLLLVIS
HEGNPG_04660__group_1431	13.566666666666666	True	VAFVRKVCTIFILFF
HEGNPG_04750__group_1768	15.1625	True	MQRISILLMLLAVFS
HEGNPG_04755__group_3303	16.675	True	MIIKKRGLLILGIATVIS
HEGNPG_04760__group_1433	14.911111111111111	True	MKRYIYVYIISVAVIS
HEGNPG_04765__group_3662	14.766666666666667	True	MRITGLLFFLICLLS
HEGNPG_04785__group_2538	17.971666666666664	True	MIKCNNKTFNNLLKLTILVNLLIS
HEGNPG_04820__group_4059	14.855555555555556	True	MRLLIGFALALALIG
HEGNPG_04825__group_3307	15.455555555555556	True	MKKYLLGIGLILALIA
HEGNPG_04830__group_3245	15.290909090909091	True	LQIKNFPFLFLLNSLIIFS
HEGNPG_04865__group_1093	19.163470588235292	True	MLRYIIIYIFFKKFYLIFKFKYLHNRIVGDGMKNILLFVILLFFS
HEGNPG_05155__group_1323	11.381	True	MITQQDYTEIKKKLENTKTRIQFRNGNKIDSLGYQGSLGEPILLKDKLTFSI
HEGNPG_05170__group_1880	18.272727272727273	True	MKNLKTKINFLGIFWLLLLFLS
HEGNPG_05395__group_1144	16.055545454545452	True	MKKDIRILNIFLYVLLFYS
HEGNPG_06030__group_2387	15.423529411764706	True	MRNISNCIKYIILTMLIGLLIFC
HEGNPG_06035__group_1506	11.122769230769231	True	MDKFLTSNHPPIIIFTIGALCATVLI
HEGNPG_06355__group_429	18.851	True	MLKRLHCLLIVLLLC
EFDIJO_05450__group_3002	15.591909090909091	True	MKKDIRILNIFLYIPLFYS
EFDIJO_05895__group_3003	12.43	True	MERFIYTKPRFFKKIFKFIRNMDNANLVVFKLMFGFLKKISTSCIKIFLIKMIFVC
EFDIJO_06180__group_3006	17.027272727272727	True	MKIINILFCLFLLLLNS
GEBMJB_06360__group_3010	17.12727272727273	True	MKKISSVILLTTFFVFIN
NCOCKI_04700__group_1486	14.7	True	MGKILFFGLLLI
NCOCKI_06275__group_1208	14.136363636363637	True	MNLIAKLFILSTLVSIPNILS
OHAJAL_04420__group_869	15.34	True	MRILVGVCIIALALLG
OHAJAL_04470__group_2540	17.45	True	MKYHIIVSIFIFLFFLNA
OHAJAL_04490__group_1890	13.163636363636364	True	MRKSLFLYTLLMGGLMS
OHAJAL_04495__group_1450	13.39090909090909	True	MRKSLFLYALLMGGLMS
OHAJAL_04520__group_878	15.690000000000001	True	LKNFKLNIIKLNVITAILTSICIS
OHAJAL_04525__group_1238	16.15	True	LKNFKLNTIKLNVITAILTLICIS
OHAJAL_04530__group_766	17.801000000000002	True	MKHYIIVHIFVFLFLNA
OHAJAL_04540__group_3605	16.136363636363637	True	MKNNIILCMCVFLLLNS
OHAJAL_04545__group_795	17.096	True	MKCHIIATIFVFLFLA
OHAJAL_04555__group_874	13.533000000000001	True	MIESKHQKYYFYSLFLSELARTLPHAVLTIILINKGLSLKDIAMVQI
OHAJAL_04720__group_980	17.2375	True	MSKLILAISILLIIS
OHAJAL_04730__group_637	17.2375	True	MSKLILAISILLIIS
OHAJAL_04760__group_3358	16.922222222222224	True	LKKYIINLSLCLLLLS
OHAJAL_04785__group_1117	17.2625	True	MKKVKSKYLALGLLFGFIS
OHAJAL_04800__group_1911	17.192307692307693	True	MNKKFSISLLSTILAFLLVLG
OHAJAL_04820__group_865	16.433333333333334	True	MKKNIYILNIFLYIPLFYS
CIPKDF_06705__group_62	13.482	True	VLFPRMDLKGFGYIPQLFFIKPKNELITRTYNTS
DMHAMM_04685__group_1490	14.464636363636362	True	MQKDIYISNIFLYIPLFYS
DMHAMM_05835__group_2412	16.077777777777776	True	LKLLKIFMCAFLLLNLVN
AGFJGC_04685__group_1494	14.464636363636362	True	MQKDIYISNIFLYIPLFYS
AGFJGC_04860__group_3023	15.863636363636363	True	MKYNTIISIFVCLFLTA
GGIAGI_05260__group_633	17.29090909090909	True	MKKITSLVFIMPLFVLIA
GGIAGI_05335__erpL	18.977777777777778	True	MNKKMKMFIICAVFALMIS
EMEHFM_03035__group_3042	17.491	True	VGNKIFHISVVLILIVG
EMEHFM_04590__Mammal-specific-outer-surface-protein-C	16.518181818181816	True	MKKNTLSAILMTLFLFIS
EMEHFM_04900__group_3940	16.560000000000002	True	MNKTKNRSFTYFIILS
EMEHFM_05060__Mlp-lipofamily-protein	17.027272727272727	True	MKIINILFCLFLLMLNG
EMEHFM_05290__group_3049	15.472428571428573	True	LNLAFKYPIKIPKLPEAKKVIIKIVIT
EMEHFM_05370__group_3050	17.027272727272727	True	MKIINILFCLFLLMLNG
EMEHFM_05380__group_794	17.096	True	MKCHIIATIFVFLFLA
EMEHFM_05695__group_3051	12.285333333333334	True	MKDHSLDISKLLIKIALLEITIQ
EMEHFM_06090__group_3055	17.027272727272727	True	MKIINILFCLFLLMLNG
LGKPKB_04840__group_3060	16.518181818181816	True	MKKNTLSAILMTLFLFIS
LGKPKB_05835__group_3061	15.318181818181818	True	MKKISSAIFMVAFFAFIN
LGKPKB_05920__group_3062	17.027272727272727	True	MKIINILFCLFLLMLNG
LGKPKB_05935__group_3063	17.8	True	MNKKTLIICAVFALIIS
LGKPKB_05940__Erp-family-outer-surface-lipoprotein	19.244444444444444	True	MNKKMKMFIVCAVFILIGA
LGKPKB_05960__group_3065	17.027272727272727	True	MKIINILFCLFLLMLNG
LGKPKB_06080__group_1492	15.464636363636362	True	MKKDIYISNIFLYIPLFYS
LGKPKB_06175__group_3066	17.027272727272727	True	MKIINILFCLFLLMLNG
